Date,Open,High,Low,Close,Volume,SMA,EMA,RSI,STI,PROC,Target
2021-07-13,1808.0999755859375,1812.0,1800.5999755859375,1809.4000244140625,78,1787.550005231585,1793.1386969535695,65.59261678501443,86.29522253005337,0.026435202118876955,1
2021-07-14,1813.0999755859375,1829.0,1813.0999755859375,1824.300048828125,707,1790.550005231585,1797.2935438701768,70.62867379902296,93.88823188589842,0.03021233257555256,1
2021-07-15,1831.5999755859375,1833.0,1823.4000244140625,1828.4000244140625,99,1794.3214372907366,1801.4410746093617,76.61294093615179,94.31399975555766,0.02956247495819575,0
2021-07-16,1830.0999755859375,1831.4000244140625,1814.5,1814.5,78,1797.0285818917412,1803.1822646614469,66.90456408039437,77.13226895295692,0.017895223185772302,0
2021-07-19,1803.300048828125,1813.4000244140625,1803.300048828125,1808.699951171875,33,1799.1071515764509,1803.9179561961705,62.66317206385901,69.96286589018503,0.008475021562238672,1
2021-07-20,1812.9000244140625,1824.0,1810.9000244140625,1810.9000244140625,128,1802.5428641183037,1804.8488986252228,73.9780127765898,70.05425343632665,0.005217887545968747,0
2021-07-21,1807.0,1807.0,1800.0,1802.9000244140625,135,1804.8357195172991,1804.5890487304014,66.00195458213202,53.11526716686378,0.0018337679889390834,1
2021-07-22,1793.5999755859375,1805.0,1793.5999755859375,1805.0,2,1806.9142892020088,1804.6438422330148,64.95371247410871,48.81165448937965,-0.002762430939226568,0
2021-07-23,1800.0,1801.4000244140625,1800.0,1801.4000244140625,1,1808.2571498325892,1804.2113331904877,59.97877380495744,31.749584750454794,-0.002270825580690916,0
2021-07-26,1802.5,1802.5,1797.199951171875,1798.699951171875,17,1808.6285749162946,1803.4764822546726,53.0232188430606,12.94409245116416,-0.005913602905831983,1
2021-07-27,1803.699951171875,1803.699951171875,1799.5,1799.5,1,1808.4857177734375,1802.9462846207164,48.73096918510624,14.974671974966306,-0.013594281732358549,0
2021-07-28,1799.5,1799.5,1799.5,1799.5,209783,1808.4785766601562,1802.4867800046209,49.934996595059744,14.974671974966306,-0.015806182470011643,1
2021-07-29,1806.5999755859375,1832.5999755859375,1806.0999755859375,1831.199951171875,30496,1809.9928588867188,1806.3152028269214,60.794251021808535,95.43135098291327,0.009203610455704059,0
2021-07-30,1828.0,1830.5,1808.9000244140625,1812.5999755859375,3100,1810.5,1807.1531725281236,53.16115974229398,48.223320372407166,0.0021562583730572182,1
2021-08-02,1812.4000244140625,1818.699951171875,1804.800048828125,1818.0999755859375,1334,1811.1214250837054,1808.6127462691654,53.819113249809774,62.182702585472406,0.003975896556854153,0
2021-08-03,1812.300048828125,1813.5,1806.0,1810.0999755859375,3341,1810.107134137835,1808.8110435114017,43.364459326104196,41.8781466391957,0.003993538784389905,1
2021-08-04,1809.300048828125,1831.300048828125,1806.300048828125,1810.5,2860,1808.8285609654017,1809.0362377098816,41.33591732792901,43.33339593349359,0.0030470914127422866,0
2021-08-05,1810.800048828125,1813.699951171875,1796.0,1805.0999755859375,588,1808.1571306501116,1808.5114027600223,45.042190153785135,29.48717948717949,0.0020539308991507355,0
2021-08-06,1799.800048828125,1800.0999755859375,1758.4000244140625,1760.0,859,1804.6785627092634,1802.0432157253529,31.841940452306133,2.156302747735446,-0.02151551243811478,0
2021-08-09,1753.5,1753.800048828125,1692.5999755859375,1723.4000244140625,1621,1798.4285627092634,1791.5574568838476,24.035608308605347,22.000034877232146,-0.04228951130088221,1
2021-08-10,1728.5999755859375,1735.199951171875,1720.0999755859375,1728.800048828125,1363,1793.135707310268,1783.189802476418,27.667280083999657,25.85719517299107,-0.03928866416886634,1
2021-08-11,1727.300048828125,1752.199951171875,1727.300048828125,1750.4000244140625,542,1789.2357090541295,1778.8178320681038,35.275089429331246,41.28574916294643,-0.044124032826729054,0
2021-08-12,1749.699951171875,1752.4000244140625,1745.5,1749.0,739,1785.4928501674108,1774.84212112569,35.69868901067781,40.28573172433036,-0.03508770630176039,1
2021-08-13,1758.300048828125,1777.300048828125,1757.4000244140625,1775.199951171875,436,1783.8142787388392,1774.889831798515,44.315431651829634,58.99998256138392,-0.023596075567976715,1
2021-08-16,1776.9000244140625,1787.800048828125,1771.9000244140625,1786.9000244140625,219,1782.9142804827009,1776.4911908139213,47.10478469677921,67.357177734375,-0.01281694463553873,0
2021-08-17,1787.699951171875,1794.199951171875,1780.0,1785.0,200,1781.8785661969866,1777.6256987053985,46.69703872437358,66.00001743861608,-0.014084507042253502,0
2021-08-18,1787.800048828125,1791.5,1779.0,1781.5999755859375,263,1778.3357107979912,1778.1556022894702,37.029300055991435,64.16723359950574,-0.013018669501877245,0
2021-08-19,1780.0,1789.300048828125,1775.5,1780.199951171875,245,1776.0214233398438,1778.4281821404575,40.68965468858411,63.15784378352641,0.011477244984019919,1
2021-08-20,1784.0999755859375,1787.5,1778.199951171875,1781.0,235,1773.3714250837054,1778.7710911883964,39.04313699476605,63.734663109878184,0.03342229010674469,1
2021-08-23,1776.800048828125,1804.800048828125,1776.800048828125,1803.199951171875,32,1772.8785661969866,1782.0282725195268,48.119885606556004,79.74038729800542,0.043035573948636996,1
2021-08-24,1801.0,1805.5999755859375,1801.0,1805.5999755859375,22,1772.528564453125,1785.171166261715,48.679239571549935,93.31133177628973,0.0315356206592563,0
2021-08-25,1792.0,1792.9000244140625,1784.0,1788.199951171875,812,1771.3214198521205,1785.5750042497361,45.72151545100162,84.60174830613938,0.022412779400728944,1
2021-08-26,1787.4000244140625,1792.199951171875,1781.0,1792.199951171875,61,1773.6214163643974,1786.4583305060214,60.29409239558862,88.14157131498894,0.009576386022756234,1
2021-08-27,1803.4000244140625,1816.5999755859375,1803.0999755859375,1816.5999755859375,1219,1780.278555733817,1790.477216516677,82.31616676034972,100.0,0.016620936127422103,0
2021-08-30,1818.199951171875,1820.300048828125,1807.800048828125,1809.0,684,1786.007123674665,1792.94692098112,77.39066629978905,87.84940986223118,0.013445378151260456,1
2021-08-31,1815.9000244140625,1815.9000244140625,1801.0999755859375,1815.0,82,1790.6214076450892,1795.8873315169708,74.69414800539423,92.91437784980138,0.018747207494251183,0
2021-09-01,1813.5,1815.9000244140625,1809.5,1813.0999755859375,114,1795.1999773297991,1798.1823507261663,74.40970759875086,88.55314714221672,0.018481083763880024,0
2021-09-02,1813.199951171875,1813.9000244140625,1806.800048828125,1808.699951171875,26,1797.5928344726562,1799.5846974522608,65.29676954737099,76.03286817169533,0.015553032662478872,1
2021-09-03,1820.9000244140625,1833.9000244140625,1818.9000244140625,1830.9000244140625,53,1800.7356916155134,1803.760074380501,68.33329603414707,94.86301584614131,0.015361620448240076,0
2021-09-07,1825.699951171875,1825.699951171875,1792.699951171875,1795.9000244140625,48,1801.5142647879463,1802.7120677183093,53.559767723890275,34.931534051123194,-0.005372148484177552,0
2021-09-08,1781.699951171875,1790.699951171875,1781.699951171875,1790.699951171875,69,1802.164263044085,1801.110452178785,52.937365980977866,26.027302769782594,0.0013980539471336595,1
2021-09-09,1798.699951171875,1798.699951171875,1787.9000244140625,1797.4000244140625,49,1803.3928397042412,1800.615728476822,55.36830186206387,36.07703046200747,0.0029015028366601303,0
2021-09-10,1789.5999755859375,1789.5999755859375,1789.5999755859375,1789.5999755859375,0,1804.007123674665,1799.1469614247042,52.57175815230286,22.41669392405983,-0.01486293094950153,1
2021-09-13,1789.800048828125,1796.0,1784.0,1792.0,533,1803.2071271623884,1798.1940332347438,46.20084074255655,20.793941253977668,-0.009397457158651146,1
2021-09-14,1791.4000244140625,1806.199951171875,1783.0,1804.699951171875,764,1803.1428397042412,1799.0614889596945,49.7146408995875,44.801399308191634,-0.0056749580320247794,0
2021-09-15,1803.699951171875,1803.699951171875,1792.4000244140625,1792.4000244140625,59,1803.4428449358259,1798.1732936869437,51.37616880556051,21.55013072362971,-0.01141688348718084,0
2021-09-16,1792.9000244140625,1792.9000244140625,1743.9000244140625,1754.5999755859375,1645,1800.7571323939733,1792.3635179401429,39.91418417004422,11.888834635416666,-0.0299109731002567,0
2021-09-17,1758.800048828125,1763.0,1749.4000244140625,1749.4000244140625,581,1795.9571358816963,1786.6350521366655,29.904344296285913,6.111111111111111,-0.04451362658432545,1
2021-09-20,1751.800048828125,1761.800048828125,1750.9000244140625,1761.800048828125,185,1792.5857107979912,1783.3237183621936,36.27910343740996,19.888916015625,-0.018987680339869195,1
2021-09-21,1762.199951171875,1776.0,1759.0,1776.0,106,1789.7999965122767,1782.3472225805679,39.178702072889855,35.66663953993056,-0.008209053204170202,1
2021-09-22,1776.699951171875,1784.300048828125,1767.0,1776.699951171875,17,1787.199994768415,1781.5942530594089,39.83240234893127,36.444363064236114,-0.011516675732179071,0
2021-09-23,1766.800048828125,1766.800048828125,1738.199951171875,1747.699951171875,31,1782.8428519112724,1777.0750128077377,35.01965355070952,9.92684715711598,-0.023413067157840084,1
2021-09-24,1749.699951171875,1749.699951171875,1745.0,1749.699951171875,76,1777.0428466796875,1773.4250045896229,27.862578398882334,13.142857142857142,-0.023604937962123373,1
2021-09-27,1751.699951171875,1754.4000244140625,1747.5,1750.0,808,1773.7642735072545,1770.3016706443398,34.56624014592607,17.353012982536764,-0.030309720536289553,0
2021-09-28,1739.5999755859375,1741.699951171875,1726.800048828125,1735.800048828125,15748,1769.8428519112724,1765.701454402178,32.593557595995904,11.335026535720216,-0.03157775876757207,0
2021-09-29,1732.4000244140625,1744.0999755859375,1721.4000244140625,1721.5,6634,1764.421421595982,1759.8079271485542,27.041724729477153,0.11789583996107565,-0.018864684854953295,1
2021-09-30,1725.5,1760.300048828125,1724.5,1755.300048828125,997,1761.971426827567,1759.2068767058304,41.03503923416642,39.976478412393604,0.0033725987948574065,1
2021-10-01,1754.300048828125,1762.5999755859375,1748.5,1757.0,2220,1759.471426827567,1758.9126264783863,40.81846093939133,41.98113954462552,-0.002724513960206676,1
2021-10-04,1764.5,1768.9000244140625,1749.5,1766.199951171875,417,1756.721426827567,1759.8842697708517,39.71137623130613,54.43495337443878,-0.005518045511331615,0
2021-10-05,1764.300048828125,1764.300048828125,1749.0,1759.5999755859375,98,1754.3785661969866,1759.84636387953,40.95918784841201,53.42650513548951,-0.00962457142786477,1
2021-10-06,1759.300048828125,1762.9000244140625,1744.699951171875,1760.5,56,1754.7999965122767,1759.9335153622594,52.04153266376232,62.16209922041931,0.007323939569571003,0
2021-10-07,1762.4000244140625,1762.4000244140625,1752.800048828125,1757.9000244140625,336,1755.4071393694196,1759.6623832358332,52.99506900977595,58.028594328875535,0.004686559679387026,0
2021-10-08,1757.0,1780.0,1754.199951171875,1756.300048828125,254,1755.0142822265625,1759.2140719814722,47.90236226337793,55.48491393949274,0.0036000279017858183,0
2021-10-11,1756.5999755859375,1757.800048828125,1752.199951171875,1754.5999755859375,128,1753.4857090541295,1758.5988591287344,40.97806542187859,52.7820958435948,0.010830698369034275,1
2021-10-12,1751.9000244140625,1768.0,1749.800048828125,1758.300048828125,139,1752.17143031529,1758.55901775532,42.43425675702807,62.96935117310453,0.021376734724440905,1
2021-10-13,1760.800048828125,1794.5,1760.800048828125,1793.699951171875,150,1755.4571446010045,1763.2444755441938,67.96875,98.90554159326025,0.021876546046578627,1
2021-10-14,1792.199951171875,1799.9000244140625,1792.0,1796.699951171875,337,1758.8142874581474,1767.7052056278847,68.2170542635659,95.92347357683121,0.02259530516327546,0
2021-10-15,1794.5,1795.4000244140625,1766.5999755859375,1767.199951171875,874,1760.0428553989955,1767.6378383670833,55.43614300904185,58.343855742436304,0.0005661873104099158,0
2021-10-18,1761.5999755859375,1770.0999755859375,1759.5,1764.800048828125,266,1762.1142839704241,1767.2594664285557,59.90437819142372,55.286655304538215,0.002955258760137136,1
2021-10-19,1777.5999755859375,1785.0,1767.5,1769.699951171875,51,1765.557137625558,1767.5848643943318,67.59125440389485,59.946865432904254,0.005225760392999046,1
2021-10-20,1774.5999755859375,1785.5999755859375,1774.0,1784.0999755859375,127,1767.6142752511162,1769.7868792198792,62.24489478158603,71.37676111623422,0.01490411901018529,0
2021-10-21,1782.0,1785.699951171875,1781.0,1781.199951171875,146,1769.3428431919642,1771.308622146812,60.1851813795201,66.12310067028012,0.01417747631469024,1
2021-10-22,1787.0999755859375,1806.9000244140625,1784.0,1795.5,532,1771.4357038225446,1774.534139193904,61.82408067878635,81.67200805427609,0.023310170399611474,1
2021-10-25,1794.300048828125,1809.0,1794.0,1806.0,140,1774.749991280692,1778.7295873013834,68.1533845876113,95.33437368295155,0.027128447845784942,0
2021-10-26,1808.800048828125,1808.800048828125,1788.5999755859375,1792.699951171875,359,1777.0499877929688,1780.5923024841156,61.48358145018189,72.46611102633999,-0.0005575068446350695,1
2021-10-27,1791.5,1798.0999755859375,1791.5,1797.9000244140625,543,1779.9071306501116,1782.8999987414418,64.00559745191131,81.25002577500278,0.0006679319167370856,1
2021-10-28,1795.5,1807.300048828125,1795.5,1801.5999755859375,452,1783.1428397042412,1785.3933289873746,65.6314420722127,87.49994844999443,0.019465835991705926,0
2021-10-29,1793.0999755859375,1797.0,1774.5999755859375,1783.0,583,1785.1714128766741,1785.0742184557248,58.77627851357825,56.08104485675285,0.010312755365096571,1
2021-11-01,1787.5,1795.0999755859375,1786.699951171875,1795.0999755859375,142,1787.7999790736608,1786.4109860730866,60.81080014946815,71.91914259785354,0.01435272934106302,0
2021-11-02,1790.5,1795.5,1787.699951171875,1788.699951171875,213,1787.442836216518,1786.716181419592,48.22946114410699,58.98980034722222,0.0025783171620898937,0
2021-11-03,1768.0,1768.0,1761.800048828125,1763.5999755859375,108,1785.0785522460938,1783.6340206417715,39.865281557955775,8.2827789614899,-0.00988096567954555,1
2021-11-04,1776.5999755859375,1798.199951171875,1776.199951171875,1793.0,103,1786.9214128766741,1784.8828178895353,57.904429089244495,67.67676767676768,-0.0013923698134225004,1
2021-11-05,1794.9000244140625,1817.0999755859375,1794.9000244140625,1816.4000244140625,239,1790.6071254185267,1789.0851120928055,64.00650246161777,98.7342638355735,0.005758596021075535,1
2021-11-08,1817.0,1827.4000244140625,1816.9000244140625,1827.4000244140625,261,1794.72855922154,1794.193767068973,65.1602788819832,100.0,0.019356319622535922,1
2021-11-09,1826.0999755859375,1832.699951171875,1820.699951171875,1830.199951171875,170,1798.0214146205358,1798.9945916160268,62.89870080899727,96.47390205436527,0.01796536310095398,1
2021-11-10,1825.800048828125,1865.0,1824.9000244140625,1847.5999755859375,795,1802.7642735072545,1805.4753094786818,67.18426481413033,83.13950324929561,0.025532860026288295,1
2021-11-11,1853.9000244140625,1866.5,1853.9000244140625,1863.199951171875,292,1807.5999843052455,1813.1719283711075,67.40358641950515,96.84808942966205,0.044980342777271476,1
2021-11-12,1860.800048828125,1867.9000244140625,1847.5999755859375,1867.9000244140625,210,1812.0214146205358,1820.4690078435015,66.4016959163065,100.0,0.040554871493640565,0
2021-11-15,1864.5,1866.9000244140625,1864.5,1866.0999755859375,87,1817.2642735072545,1826.5531368758263,70.71105927640991,98.30344086491611,0.043271664631820084,0
2021-11-16,1853.5999755859375,1853.5999755859375,1853.5999755859375,1853.5999755859375,1,1821.2428414481026,1830.1593820371745,65.0948377159553,86.52209979394159,0.05103198074727722,1
2021-11-17,1862.5999755859375,1869.699951171875,1862.5999755859375,1869.699951171875,2,1826.1071254185267,1835.4314579218014,67.29303380956662,100.0,0.04277744069820133,0
2021-11-18,1861.0,1861.0,1861.0,1861.0,9,1831.6785539899554,1838.840596865561,70.85561497326204,91.93701663959018,0.024554049210786966,0
2021-11-19,1851.199951171875,1851.199951171875,1851.199951171875,1851.199951171875,21,1835.6856951032366,1840.4885107730697,65.18677675681714,82.85447938491893,0.013023928225810222,0
2021-11-22,1841.5999755859375,1841.5999755859375,1805.699951171875,1806.0,14,1836.9214128766741,1835.8900426699938,53.87025700852909,40.963847243403215,-0.01322257229674817,0
2021-11-23,1795.5,1795.5,1783.5,1783.5,264,1838.3428431919642,1828.904703647328,54.50430561672579,7.807538853609626,-0.034693643880141956,1
2021-11-24,1793.0,1793.0,1781.4000244140625,1784.0999755859375,188,1837.7071271623884,1822.9307399058093,47.6834915291072,3.057704882678305,-0.04245383086028254,1
2021-11-26,1791.0999755859375,1791.4000244140625,1785.300048828125,1785.300048828125,186800,1835.4857003348213,1817.9133144287848,40.847565886705254,4.416792354493587,-0.044220769048840314,0
2021-11-29,1791.699951171875,1798.9000244140625,1779.0999755859375,1782.300048828125,26926,1832.2642735072545,1813.1648790153636,36.07165880636514,3.5320906230842297,-0.044906450808724796,0
2021-11-30,1783.9000244140625,1808.0999755859375,1768.699951171875,1773.5999755859375,4903,1828.2214181082588,1807.8895585581067,33.134708599255504,4.85150932085396,-0.04315925822922573,1
2021-12-01,1774.800048828125,1790.5,1772.300048828125,1781.5999755859375,1128,1823.5071323939733,1804.3842808284844,29.166685932796668,12.772301400061881,-0.04711984697369165,0
2021-12-02,1780.9000244140625,1780.9000244140625,1760.5999755859375,1760.699951171875,1557,1816.1857038225446,1798.5597035409367,18.692767957811597,0.09163667122798734,-0.053895781208019855,1
2021-12-03,1767.5,1785.0999755859375,1766.5,1782.0,694,1810.0499877929688,1796.3517430688116,26.178607045677808,19.615058847749978,-0.037381132777185355,0
2021-12-06,1780.199951171875,1783.0,1777.199951171875,1777.5,381,1803.7214181082588,1793.8381773263034,25.792372545004227,15.490401646103427,-0.01578073089700993,1
2021-12-07,1779.5,1786.0999755859375,1772.300048828125,1782.5999755859375,308,1798.6499895368304,1792.339750427588,29.783610331758567,20.16499076360536,-0.0005046394247617547,1
2021-12-08,1789.9000244140625,1789.9000244140625,1779.0,1783.4000244140625,1383,1792.4857090541295,1791.1477869591179,23.081773314985995,22.70920645805293,-0.0003923273255160842,0
2021-12-09,1783.5,1783.5,1771.800048828125,1774.5999755859375,455,1786.3142787388392,1788.9414121093605,23.06736915324896,15.452542795357015,-0.005993431327810161,1
2021-12-10,1773.800048828125,1785.4000244140625,1769.0999755859375,1782.9000244140625,545,1781.4357125418526,1788.1358937499876,28.508555278398973,27.530924479166668,0.00033662995539507357,1
2021-12-13,1784.4000244140625,1787.0999755859375,1783.800048828125,1786.300048828125,206,1780.028573172433,1787.8911144270726,41.58843139585066,54.105417351973685,0.00716061875113172,0
2021-12-14,1787.0,1787.0,1769.0,1770.4000244140625,322,1779.0928606305804,1785.5589690920046,44.07242888185069,20.63168174342105,-0.006286456738523238,0
2021-12-15,1767.4000244140625,1778.699951171875,1753.9000244140625,1762.5999755859375,283,1777.5571463448662,1782.4977699578624,40.86664412643823,16.0515848884925,0.0010791301566164258,1
2021-12-16,1781.0,1798.0999755859375,1781.0,1796.5999755859375,21,1778.3642839704241,1784.3780640416057,53.75411935608675,78.78226870808052,0.008193027826003174,1
2021-12-17,1804.0,1812.9000244140625,1803.800048828125,1803.800048828125,654,1779.8999982561384,1786.9676620131415,56.94891367988473,84.57631256620762,0.01479608935478205,0
2021-12-20,1796.800048828125,1799.800048828125,1792.0,1793.699951171875,226,1781.3357107979912,1787.8653005676392,56.438153701784906,67.45750297934322,0.00622684603273882,0
2021-12-21,1791.4000244140625,1796.5,1787.9000244140625,1787.9000244140625,575,1781.7857142857142,1787.869930413829,52.046794294199024,57.6271186440678,0.002523270123582222,1
2021-12-22,1786.0,1805.199951171875,1785.5,1801.5999755859375,567,1784.7071446010045,1789.7006031034434,63.939991795428234,80.84737486758475,0.015214696478898171,1
2021-12-23,1806.0,1811.199951171875,1800.800048828125,1811.199951171875,193,1786.7928553989955,1792.567182845901,60.81477717235031,97.11851992849576,0.015872974575292353,0
2021-12-27,1810.0,1812.0999755859375,1807.0,1808.0999755859375,150,1788.9785679408483,1794.638221877906,61.45206783662706,91.86432402012711,0.012203955753186113,1
2021-12-28,1812.0,1818.0,1805.5,1810.199951171875,146,1790.949994768415,1796.713119117102,60.56658849568689,87.83143245091,0.02248075362006663,0
2021-12-29,1803.199951171875,1805.0999755859375,1791.4000244140625,1805.0999755859375,623,1792.499991280692,1797.83136664628,58.04296797942634,79.87514925529463,0.0241121074484707,1
2021-12-30,1801.699951171875,1816.0,1796.0,1812.699951171875,306,1795.2214181082588,1799.813844583026,64.24830019237248,91.73158994262121,0.008961358012201215,1
2021-12-31,1825.0999755859375,1827.800048828125,1821.4000244140625,1827.5,80,1798.4071306501116,1803.505331971956,65.90583177117662,99.59398006901348,0.013138901502565137,0
2022-01-03,1830.0999755859375,1830.0999755859375,1798.800048828125,1799.4000244140625,116,1799.3428431919642,1802.9579576309034,53.97209631486881,59.71132435160117,0.0031778298474409716,1
2022-01-04,1800.5,1815.300048828125,1800.0,1814.0,38,1802.4571271623884,1804.4302299467831,63.32517790109169,78.87140957659837,0.014598118032070007,1
2022-01-05,1813.0999755859375,1824.5999755859375,1813.0999755859375,1824.5999755859375,8,1806.88569859096,1807.1195293653373,68.62981862571048,88.79836510229299,0.012766430013144037,0
2022-01-06,1787.0999755859375,1791.300048828125,1787.0999755859375,1788.699951171875,30,1806.3214111328125,1804.6635856062092,47.65299231964883,7.174782339755257,-0.01242270351511554,1
2022-01-07,1791.800048828125,1797.0,1784.4000244140625,1797.0,17,1805.835693359375,1803.641774192048,47.99290060559592,27.571092009594683,-0.00613902756253315,1
2022-01-10,1794.9000244140625,1798.699951171875,1790.4000244140625,1798.4000244140625,534,1806.1714128766741,1802.94287422165,51.46237655275198,30.634606035675553,-0.006518576442438584,1
2022-01-11,1803.9000244140625,1822.5,1803.0,1818.5999755859375,743,1808.364266531808,1805.0304877368883,58.7664125798756,74.83585932783794,0.007478810139376346,1
2022-01-12,1819.0,1827.199951171875,1816.9000244140625,1827.199951171875,1547,1810.192836216518,1807.9864161948865,57.529409990672384,93.65420675581103,0.007999117554246205,0
2022-01-13,1819.800048828125,1823.0,1815.4000244140625,1821.199951171875,40,1810.9071219308037,1809.748220858485,53.004809455759755,80.52508988337866,-0.0034473591398769265,0
2022-01-14,1821.5,1822.0,1816.5,1816.5,816,1811.507123674665,1810.6484580773538,52.50000908261914,70.24072184499992,0.009503154025745753,0
2022-01-18,1816.800048828125,1820.0999755859375,1812.300048828125,1812.300048828125,900,1811.6571306501116,1810.8686701774568,50.617313187767415,61.050446879323886,-0.0009371285401736928,1
2022-01-19,1817.4000244140625,1843.0999755859375,1817.4000244140625,1843.0999755859375,4,1814.3714163643974,1815.1661775652542,59.703789046329405,100.0,0.010139208729332161,0
2022-01-20,1840.5999755859375,1843.0,1838.199951171875,1842.5,20,1816.499991280692,1818.8106872232204,57.89197024791678,98.97789423336869,0.03007773818793802,0
2022-01-21,1838.0,1842.4000244140625,1828.9000244140625,1831.800048828125,19,1816.807137625558,1820.5426021038743,51.16406487515366,80.74968286647119,0.01936563652093759,1
2022-01-24,1837.9000244140625,1842.0999755859375,1837.9000244140625,1841.699951171875,8,1819.8285609654017,1823.3635819796077,62.70270864721602,97.61494790691872,0.024076916242213642,1
2022-01-25,1843.0,1852.699951171875,1842.0,1852.699951171875,11,1822.5928431919642,1827.27509787191,61.87846297492495,100.0,0.018750674168985793,0
2022-01-26,1829.9000244140625,1829.9000244140625,1829.9000244140625,1829.9000244140625,55,1822.9714181082588,1827.6250880775306,51.51343822154801,66.61793381029574,0.0014777108769381542,0
2022-01-27,1793.300048828125,1793.300048828125,1793.300048828125,1793.300048828125,196036,1823.2999965122767,1823.0484161776099,51.30833593722876,13.030796424747951,-0.015319516303411662,0
2022-01-28,1797.5,1798.4000244140625,1778.800048828125,1784.9000244140625,28521,1822.4357125418526,1817.9619639424704,46.5605436341795,8.254375706158696,-0.017396077944364152,1
2022-01-31,1788.5,1798.5,1785.0999755859375,1795.0,1735,1822.1928536551338,1814.900368750141,49.079080753769745,21.921478456791345,-0.009545907610228,1
2022-02-01,1797.199951171875,1806.0999755859375,1797.0999755859375,1800.300048828125,223,1820.8857160295759,1812.9536594272058,44.60814039055402,29.09340786404752,-0.023221706540474618,1
2022-02-02,1797.800048828125,1810.0999755859375,1795.0999755859375,1809.199951171875,1690,1819.6000017438616,1812.4531649931619,44.70586714690701,41.13659339134571,-0.018073296514586112,0
2022-02-03,1805.800048828125,1808.0999755859375,1787.9000244140625,1803.0,466,1818.300005231585,1811.1927429940738,44.65334647278799,32.74693254573926,-0.015722266655986528,1
2022-02-04,1806.0,1813.699951171875,1792.5,1806.5999755859375,571,1817.5928606305804,1810.5803740063225,47.07272193078138,37.61835384910173,-0.019058465828596716,1
2022-02-07,1812.199951171875,1821.300048828125,1809.0999755859375,1820.5999755859375,601,1818.1857125418526,1811.9163208836044,52.31971723829702,56.56289850476058,-0.01732605194145631,1
2022-02-08,1818.9000244140625,1827.5999755859375,1815.0,1826.5999755859375,108,1817.0071411132812,1813.8741415105824,44.646319978706956,64.68198907147152,-0.0018034038931616925,1
2022-02-09,1825.4000244140625,1835.199951171875,1825.300048828125,1835.199951171875,683,1816.4857090541295,1816.7175827987548,47.74828302909814,76.31931918042643,0.02336469146428155,1
2022-02-10,1833.300048828125,1842.0999755859375,1820.800048828125,1836.199951171875,365,1816.7999877929688,1819.315231915171,51.44354075187152,77.67250094154493,0.028741064516850434,1
2022-02-11,1822.0,1864.800048828125,1822.0,1840.800048828125,181,1816.7357090541295,1822.1798741702314,49.69411854524572,72.09302325581395,0.02551534753655993,1
2022-02-14,1861.800048828125,1870.5999755859375,1854.5999755859375,1868.0,79,1817.82856968471,1828.2892242808673,54.68465006966912,97.16778032645192,0.03760481549502992,0
2022-02-15,1872.5999755859375,1879.699951171875,1847.4000244140625,1854.800048828125,86,1819.607142857143,1831.8240008871685,58.10021213413612,75.32217399089251,0.02520456493861456,1
2022-02-16,1858.699951171875,1870.199951171875,1856.300048828125,1870.199951171875,34,1825.0999930245537,1836.9407942584628,79.0188845424612,90.58472825113843,0.03727118756066283,1
2022-02-17,1876.300048828125,1900.699951171875,1876.199951171875,1900.699951171875,393,1833.3714163643974,1845.442015180251,87.451529079394,100.0,0.05208678006065948,0
2022-02-18,1899.4000244140625,1899.4000244140625,1890.699951171875,1898.5999755859375,51,1840.7714146205358,1852.5297432343427,85.33429923934901,98.138318307204,0.042843019359536605,1
2022-02-22,1908.0999755859375,1912.0,1890.800048828125,1906.0999755859375,173,1848.3285522460938,1859.6724408812222,85.5511264866071,95.24574893249932,0.0435234868403509,1
2022-02-23,1896.5999755859375,1910.5999755859375,1895.699951171875,1909.199951171875,73,1855.4714093889509,1866.276108919976,84.96509466014031,97.74371524659486,0.040322581718001294,1
2022-02-24,1911.9000244140625,1972.5,1911.699951171875,1925.0999755859375,2706,1864.192836216518,1874.1192911421042,89.98039038561312,73.66665310329861,0.04841521989875108,0
2022-02-25,1906.9000244140625,1920.0,1883.5999755859375,1886.5,586,1869.8999808175224,1875.770052323157,71.28398965425521,47.36842891646552,0.024826135354009793,1
2022-02-28,1928.300048828125,1928.4000244140625,1894.199951171875,1899.4000244140625,390,1875.528555733817,1878.9207152686113,71.1147134747152,53.58731708829365,0.016809434911168264,1
2022-03-01,1908.300048828125,1942.4000244140625,1903.800048828125,1942.4000244140625,547,1883.7999877929688,1887.3846231546713,75.89448226539938,80.15821669458916,0.04722879732577301,0
2022-03-02,1945.5999755859375,1948.199951171875,1919.800048828125,1920.9000244140625,109,1889.921421595982,1891.8533433225903,68.1184180711642,65.98550283811556,0.027109439934707824,1
2022-03-03,1930.5,1940.300048828125,1924.800048828125,1934.4000244140625,122,1896.9357125418526,1897.5262341347866,69.71889987631182,74.68440160402824,0.017730348875639068,1
2022-03-04,1937.0,1970.9000244140625,1935.5999755859375,1965.0999755859375,47,1905.8142787388392,1906.5360663282736,72.59179354788324,94.08471154418487,0.035025808940862824,1
2022-03-07,1989.0,2001.0999755859375,1963.0,1993.9000244140625,2516,1914.807137625558,1918.1845940730454,72.75028951460808,95.31558005257682,0.04606266720145946,1
2022-03-08,1999.4000244140625,2072.0,1998.0,2040.0999755859375,1813,1928.0428466796875,1934.4399782747646,79.91605247173797,85.21092645559119,0.06856276333639943,0
2022-03-09,2053.60009765625,2063.0,1980.800048828125,1985.9000244140625,1022,1936.307137625558,1941.3013177600044,66.5997293786041,56.02658114681227,0.03158280068525765,1
2022-03-10,1978.0999755859375,2010.5,1978.0999755859375,1998.0999755859375,670,1943.2642822265625,1948.8744721367955,64.74864851975806,60.7749390458431,0.05915715641979191,0
2022-03-11,1985.0,1996.0,1959.9000244140625,1982.699951171875,865,1949.2714233398438,1953.3845360081395,62.24163107317789,52.60082948192044,0.043855915387549516,0
2022-03-14,1976.5,1977.699951171875,1959.5999755859375,1959.5999755859375,145,1953.0928519112724,1954.2132612851792,57.44918154048649,40.339697532612014,0.008854999462360125,0
2022-03-15,1939.800048828125,1939.9000244140625,1910.699951171875,1928.5,71,1954.471426827567,1950.7848264471554,52.4929031427993,23.832281632502315,0.003956465973941503,0
2022-03-16,1922.4000244140625,1922.4000244140625,1907.199951171875,1908.0,104,1953.25,1945.080182920868,47.817209210282336,12.951179008574076,-0.013647655128653735,1
2022-03-17,1933.9000244140625,1947.199951171875,1933.9000244140625,1942.0999755859375,39,1957.221426827567,1944.6828219428774,57.17975208240002,26.940388784913267,-0.011704239115438386,0
2022-03-18,1934.5,1939.300048828125,1928.199951171875,1928.199951171875,28,1959.278564453125,1942.485105840077,53.70942032927553,14.506485985133835,-0.03295053535168824,1
2022-03-21,1925.4000244140625,1928.5999755859375,1925.0,1928.5999755859375,5,1958.2928466796875,1940.6337551395252,48.00346431172589,12.985447860140647,-0.05465418427250168,0
2022-03-22,1920.699951171875,1920.699951171875,1920.699951171875,1920.699951171875,26,1958.278555733817,1937.9759146105052,49.96986847654355,8.191745145706578,-0.0328314982832153,1
2022-03-23,1936.5999755859375,1936.5999755859375,1936.5999755859375,1936.5999755859375,204,1958.4356951032366,1937.7924560738961,50.32894016362683,17.839815353892693,-0.030779240654344786,1
2022-03-24,1963.5999755859375,1964.0,1961.5999755859375,1961.5999755859375,8,1958.1856951032366,1940.966792008835,49.4675995558378,33.00971377186784,-0.010642041713606942,0
2022-03-25,1953.800048828125,1953.800048828125,1953.800048828125,1953.800048828125,83,1955.3214111328125,1942.6778929180737,43.48391325028951,28.276749908521364,-0.002959750372561798,0
2022-03-28,1932.5999755859375,1939.5999755859375,1932.5999755859375,1939.5999755859375,7,1948.1428397042412,1942.2675039404555,31.773663801386206,20.79590132208845,0.005755756072562956,0
2022-03-29,1893.5,1912.0,1893.5,1912.0,128051,1942.864266531808,1938.231836748395,35.16659340487017,15.81196581196581,0.002096436058700135,1
2022-03-30,1918.4000244140625,1937.0,1914.5,1933.5,17765,1938.2499825613838,1937.6009251819423,37.50000590510357,39.02439024390244,-0.004428183767080762,1
2022-03-31,1933.5,1949.9000244140625,1919.0999755859375,1949.199951171875,3617,1935.8571254185267,1939.1474619806,43.52531768014458,66.15199937370065,0.010890986687992044,0
2022-04-01,1935.0,1938.0,1917.0,1919.0999755859375,1016,1932.9642682756696,1936.474463794645,42.37862110599307,36.312022107712764,-0.004925853012682779,1
2022-04-04,1921.199951171875,1936.0999755859375,1915.5999755859375,1929.199951171875,371,1933.0142647879463,1935.504528778276,50.14302233582862,50.638228612588655,0.004425469993277087,0
2022-04-05,1927.0999755859375,1943.5,1918.4000244140625,1922.9000244140625,412,1934.0785522460938,1933.8239281963808,53.23211112905832,41.70216228945036,-0.00707422872280572,0
2022-04-06,1916.699951171875,1931.800048828125,1916.699951171875,1918.4000244140625,138,1932.38569859096,1931.7674076920719,44.101552341393585,35.3191835660461,-0.02202281388129146,1
2022-04-07,1919.5,1934.800048828125,1919.5,1933.800048828125,311,1932.7857055664062,1932.0384265102125,51.38342400154397,57.16318982712766,-0.010236462022813364,1
2022-04-08,1928.800048828125,1947.699951171875,1928.800048828125,1941.5999755859375,153,1933.7142769949776,1933.3132997203093,53.09819163544116,68.22691572473404,0.0010311404543073,1
2022-04-11,1946.5999755859375,1968.4000244140625,1941.800048828125,1944.300048828125,163,1935.3999982561384,1934.7781996013514,55.76737892298825,67.82380810357557,0.016893330977052923,1
2022-04-12,1952.5,1977.0999755859375,1950.5999755859375,1972.0999755859375,246,1937.9357125418526,1939.7544363992963,58.19862356405118,94.01913700936409,0.019963783597588547,1
2022-04-13,1969.5,1981.0,1969.5,1981.0,204,1939.3214285714287,1945.2538448793903,54.84033075974234,100.0,0.016314410847900307,0
2022-04-14,1977.199951171875,1978.699951171875,1963.0,1970.9000244140625,101,1940.5428553989955,1948.6733354840133,54.21805377481832,88.45717075892857,0.02699184486848294,1
2022-04-18,1973.4000244140625,1997.0999755859375,1972.800048828125,1982.9000244140625,196,1943.6357160295759,1953.2368940080198,60.7980303124395,86.2934801947941,0.027835410844566866,0
2022-04-19,1973.800048828125,1978.300048828125,1945.699951171875,1955.699951171875,130,1946.7571411132812,1953.5653016298672,60.91953602266447,49.87889025343637,0.01705753099036289,0
2022-04-20,1945.5,1953.5999755859375,1945.5,1952.300048828125,621,1948.1000017438616,1953.3966012563014,55.1648555074577,45.03076471434049,0.017670988314554714,0
2022-04-21,1942.5,1944.9000244140625,1942.5,1944.9000244140625,4,1947.7928641183037,1952.263724344003,48.76225360149942,35.95098015720859,0.005739981024751817,0
2022-04-22,1949.5999755859375,1950.4000244140625,1930.199951171875,1931.0,178,1948.642865862165,1949.428561098136,53.77778845624725,18.8957354773773,-0.005459402409983327,0
2022-04-25,1925.0,1925.0,1889.300048828125,1893.199951171875,748,1946.0714372907366,1941.931413107968,40.28077497531569,3.6177226284315314,-0.026282001940517996,1
2022-04-26,1900.5,1909.0999755859375,1894.0,1901.4000244140625,302,1944.5357230050224,1936.5272279487806,44.25441240562554,11.224474774571764,-0.035850084705198126,0
2022-04-27,1897.800048828125,1900.5999755859375,1882.199951171875,1885.9000244140625,1786,1942.2142944335938,1929.7769341441517,41.79707622951426,3.2202545308899446,-0.04800604522258334,1
2022-04-28,1883.800048828125,1893.0,1872.9000244140625,1888.699951171875,513,1938.9928588867188,1924.3000030811816,37.84363944575472,12.721363099368418,-0.04170687108628213,1
2022-04-29,1902.699951171875,1918.199951171875,1902.4000244140625,1909.300048828125,132,1936.6857212611608,1922.3000091807742,41.85579956601364,29.307599617080417,-0.03711734060202354,0
2022-05-02,1896.699951171875,1896.800048828125,1853.0,1861.800048828125,385,1930.7928641183037,1914.233347800421,33.031681024526534,6.106905148555614,-0.04801345026750359,1
2022-05-03,1868.800048828125,1868.800048828125,1868.800048828125,1868.800048828125,466,1923.414297921317,1908.175574604115,26.76566636446553,10.964643653740426,-0.04277006500620695,0
2022-05-04,1867.0,1867.0,1867.0,1867.0,1,1915.27144077846,1902.685497990233,23.51303519161391,9.715477010369625,-0.040053485236358766,1
2022-05-05,1897.0,1904.300048828125,1874.0,1874.0,80,1908.3500104631696,1898.8607649248688,27.157019323462976,14.573215515554438,-0.029518384256861707,1
2022-05-06,1874.699951171875,1890.300048828125,1871.5,1881.199951171875,214,1901.0857195172991,1896.505989757803,25.470335407486616,22.505937895169602,-0.006338474703938224,0
2022-05-09,1866.5999755859375,1867.5,1854.0,1857.0999755859375,304,1894.0428641183037,1891.2518545348878,25.857017575847067,4.0755234402965606,-0.023298647448885212,0
2022-05-10,1839.9000244140625,1839.9000244140625,1839.9000244140625,1839.9000244140625,1540,1886.0142909458705,1884.4049438521113,24.22019232222962,0.0,-0.024391536881331777,1
2022-05-11,1841.5,1852.5999755859375,1841.0,1852.5999755859375,892,1879.42143031529,1880.1642814166214,29.33272981521631,11.493168481334843,-0.019113663641246337,0
2022-05-12,1849.800048828125,1851.9000244140625,1822.199951171875,1823.800048828125,153,1871.7642909458705,1872.649050404822,27.497906560332567,1.556514490499182,-0.044780808575623055,0
2022-05-13,1825.0,1825.0,1807.4000244140625,1807.4000244140625,335,1865.6357247488838,1863.949180272721,30.212187328444145,0.0,-0.029219047688984423,1
2022-05-16,1790.5,1813.5,1787.0,1813.5,34,1859.3571515764509,1857.2226229030248,29.529554172937438,20.19817824877418,-0.029591206861751873,1
2022-05-17,1824.9000244140625,1828.5999755859375,1816.699951171875,1818.199951171875,121,1854.5214320591517,1852.0196000055382,33.39868901491725,23.780459438588004,-0.02613821576225228,0
2022-05-18,1815.0,1819.699951171875,1805.0,1815.9000244140625,311,1849.3214372907366,1847.2036565933415,32.10422679416246,22.027465830534336,-0.0310031886797959,1
2022-05-19,1810.9000244140625,1841.199951171875,1810.699951171875,1841.199951171875,138,1844.4571446010045,1846.403162537146,33.63762001745708,46.20624774955719,-0.021263024153855836,1
2022-05-20,1839.0999755859375,1841.800048828125,1836.300048828125,1841.800048828125,110,1843.028573172433,1845.7894140426101,43.796514780227604,46.71783974141502,-0.008238612330488615,1
2022-05-23,1846.300048828125,1863.0,1845.800048828125,1847.800048828125,216,1841.528573172433,1846.057498680679,43.44568089756134,51.83292712623917,0.004293724827020506,1
2022-05-24,1852.5,1867.0,1852.5,1865.0999755859375,33,1841.392857142857,1848.5964956013802,49.45929740969937,66.58136664578394,0.006747274190180397,0
2022-05-25,1846.199951171875,1846.199951171875,1846.199951171875,1846.199951171875,0,1839.4071393694196,1848.2769563441127,42.590589894951634,57.30873493619968,0.012281994595922274,1
2022-05-26,1840.4000244140625,1847.4000244140625,1840.4000244140625,1847.4000244140625,123355,1836.9928588867188,1848.1600320867728,40.69383900273247,75.03108622864907,0.022131237943834536,1
2022-05-27,1848.300048828125,1860.699951171875,1845.9000244140625,1851.300048828125,30091,1836.578578404018,1848.57870098562,48.203242052750475,80.37506103515625,0.02084369938137587,0
2022-05-31,1850.300048828125,1862.0999755859375,1832.800048828125,1842.699951171875,4073,1836.778573172433,1847.7948676771207,50.916206838976564,69.62493896484375,0.013474865613217757,1
2022-06-01,1831.0,1847.9000244140625,1825.300048828125,1843.300048828125,1623,1836.114292689732,1847.1955584972545,46.69512369698469,70.37506103515625,0.015088949857194667,1
2022-06-02,1845.4000244140625,1868.699951171875,1842.0999755859375,1866.5,551,1839.1642892020088,1849.7694840309541,65.80307931402136,97.3072796980663,0.013741065337321112,0
2022-06-03,1867.5999755859375,1871.800048828125,1845.4000244140625,1845.4000244140625,53,1841.8785749162946,1849.1868894153686,63.59083931605721,68.86791366409378,0.0019545963136595734,0
2022-06-06,1849.0,1854.0999755859375,1839.199951171875,1839.199951171875,142,1843.7142857142858,1847.8552976495696,59.18510516883031,51.19749427110554,-0.0046542360801993254,1
2022-06-07,1836.9000244140625,1851.5999755859375,1835.0,1847.5,1168,1845.8071463448662,1847.807924629627,60.20905887777168,63.62270798536619,-0.009436478374521662,1
2022-06-08,1844.800048828125,1855.0,1844.4000244140625,1851.9000244140625,218,1848.3785749162946,1848.3535379342184,62.36260834133998,67.43045399694725,0.003087462567946231,0
2022-06-09,1846.0999755859375,1850.0999755859375,1837.9000244140625,1848.800048828125,159,1848.9214390345983,1848.4130727200725,53.079446352542696,50.53763440860215,0.0007578350089643138,1
2022-06-10,1842.699951171875,1875.5999755859375,1823.9000244140625,1871.5,1490,1851.0428641183037,1851.4913296907296,60.20615166225088,92.06967222791516,0.010911224890131521,0
2022-06-13,1873.800048828125,1873.800048828125,1818.699951171875,1828.0,127,1849.6285749162946,1848.3591523986324,44.59015781068854,16.344542772861356,-0.007977398144785597,0
2022-06-14,1825.0,1825.5,1805.300048828125,1809.5,536,1845.6571480887276,1843.1779320788148,34.907741643466494,5.974332215656619,-0.018336704786403812,1
2022-06-15,1814.0999755859375,1839.0,1810.800048828125,1815.300048828125,108,1843.4500122070312,1839.4608809787228,40.970239445683454,14.22476588695548,-0.027430994466581815,1
2022-06-16,1819.199951171875,1850.5999755859375,1814.9000244140625,1845.699951171875,136,1843.328578404018,1840.2927570044765,49.575618624147474,57.46791526957077,0.00016252669006422416,0
2022-06-17,1853.699951171875,1853.699951171875,1833.5999755859375,1835.5999755859375,170,1842.2071446010045,1839.667052815338,46.19853172850869,43.10093645217808,-0.0019573595484513318,0
2022-06-21,1835.300048828125,1838.5999755859375,1830.0999755859375,1834.5999755859375,216,1841.6285749162946,1838.9914425180846,47.96380729218129,41.67845986348253,-0.006982421874999978,0
2022-06-22,1829.5,1842.699951171875,1821.5999755859375,1834.300048828125,115,1840.9857177734375,1838.3659233594235,47.7341373015434,41.25182107217089,-0.009503739593883398,0
2022-06-23,1835.5,1841.199951171875,1825.699951171875,1825.699951171875,9,1838.0714285714287,1836.6771270677502,38.913030209748634,29.018383495659815,-0.012494643577542153,1
2022-06-24,1820.5,1826.5,1815.800048828125,1826.5,61,1836.721426827567,1835.3201767920502,44.2272400861725,30.156434223480932,-0.024044883783061688,0
2022-06-27,1830.5,1830.699951171875,1819.9000244140625,1820.9000244140625,77,1835.4142892020088,1833.3974898083186,44.38996643253014,22.19060005521821,-0.0038840129025916603,0
2022-06-28,1824.199951171875,1826.0,1817.5,1817.5,391,1833.2714320591517,1831.2778245005427,40.51832829979614,17.354144925221,0.0044211108040894675,0
2022-06-29,1818.300048828125,1830.300048828125,1812.800048828125,1813.699951171875,173,1830.5428553989955,1828.9341080567203,37.88068554574191,11.948664431313238,-0.0008814507867627164,0
2022-06-30,1809.5999755859375,1817.300048828125,1801.0,1804.0999755859375,328,1827.3499930245537,1825.6228903939495,36.38023159888329,4.155464611870278,-0.022538861508624275,0
2022-07-01,1795.5,1806.0999755859375,1791.5999755859375,1798.9000244140625,77,1822.1642804827009,1822.0598415966313,25.238749087178704,8.880830077385381,-0.019993436293307965,0
2022-07-05,1805.4000244140625,1805.4000244140625,1761.800048828125,1761.800048828125,64,1817.4357125418526,1814.0252025608304,26.390879376727227,0.0,-0.03968163508481548,0
2022-07-06,1762.5,1768.0,1734.0,1734.9000244140625,1729,1812.107142857143,1803.4751788079282,24.89906196424802,0.7519004020061555,-0.0541896209824374,1
2022-07-07,1745.199951171875,1745.199951171875,1737.0,1737.9000244140625,1869,1806.57856968471,1794.731824888746,23.456768417095546,3.2581670885249783,-0.04809110429205832,1
2022-07-08,1738.0999755859375,1749.300048828125,1732.0999755859375,1740.5999755859375,370,1799.0714285714287,1787.514244981705,5.503811467996599,6.990132982381114,-0.047029851855495464,0
2022-07-11,1732.5,1736.699951171875,1730.0,1730.0,75,1791.528573172433,1779.8456789841443,5.480608210825551,0.0,-0.04992038178664571,0
2022-07-12,1734.199951171875,1735.5,1723.300048828125,1723.300048828125,451,1783.578578404018,1772.3062616300083,5.229287071636563,0.0,-0.051829409172971075,1
2022-07-13,1710.0,1734.199951171875,1710.0,1734.199951171875,368,1776.4285714285713,1767.2254202355907,12.89838023708262,18.445091599289164,-0.04383304964453083,0
2022-07-14,1710.300048828125,1710.5,1704.5,1704.5,1289,1767.7714320591517,1758.8620308708453,11.15380100942916,0.0,-0.055207569942785084,0
2022-07-15,1705.4000244140625,1709.699951171875,1701.0999755859375,1702.4000244140625,721,1758.9071480887276,1751.3337633432743,10.553011448868105,1.003124284744128,-0.053643892762429646,1
2022-07-18,1712.199951171875,1712.4000244140625,1709.199951171875,1709.199951171875,264,1750.9285714285713,1745.715921720421,14.763302421618732,6.269327394849052,-0.029855883867886956,1
2022-07-19,1712.300048828125,1714.4000244140625,1706.0999755859375,1710.0,1684,1743.25,1740.9537988243649,15.522695418633973,6.888559882918385,-0.014352426113125483,0
2022-07-20,1707.0999755859375,1708.5,1699.5,1699.5,130,1735.0928606305804,1735.4266256477829,14.883079482528728,0.0,-0.02209564639773176,1
2022-07-21,1687.0,1715.5,1679.800048828125,1712.699951171875,183,1728.5642874581474,1732.3964023843284,22.502932412393022,26.049027254653513,-0.016028969783634772,1
2022-07-22,1713.300048828125,1735.0,1713.0,1727.0999755859375,61,1723.4357125418526,1731.6902121445432,29.532443345763085,37.65918467511894,-0.0016763146902095682,0
2022-07-25,1727.0,1732.0,1719.0,1719.0,67,1720.3785661969866,1729.9981838586043,35.382462857686036,44.44441368849078,-0.002495240936741805,0
2022-07-26,1718.0,1718.0,1717.699951171875,1717.699951171875,1,1719.1499895368304,1728.3584195003739,42.880745681801876,54.5322335881295,-0.009514473800353973,1
2022-07-27,1719.0999755859375,1719.0999755859375,1719.0999755859375,1719.0999755859375,144865,1717.80712890625,1727.1239603117824,42.11405409612446,56.54665720548561,0.008565547425014586,1
2022-07-28,1732.300048828125,1755.0,1732.0,1750.300048828125,37236,1718.499991280692,1730.2141054472947,53.283711735210424,93.75006087286823,0.0281367620577595,1
2022-07-29,1754.0,1765.699951171875,1750.0,1762.9000244140625,3485,1720.8499930245537,1734.5722279761972,60.98866465363222,96.74047736793938,0.03141825109775431,1
2022-08-01,1763.9000244140625,1772.5,1756.0999755859375,1769.0,705,1724.1142752511162,1739.1625975793709,65.32528372574352,96.22437773078148,0.034502923976608146,1
2022-08-02,1772.0999755859375,1786.5999755859375,1759.4000244140625,1771.0999755859375,1078,1726.749991280692,1743.4209146469132,63.15040758280644,85.48688143284127,0.04213002388110465,0
2022-08-03,1756.699951171875,1770.5,1753.0,1758.0,399,1730.5714198521205,1745.3647926939916,71.62490748507426,73.22097827764156,0.026449495019328584,1
2022-08-04,1769.4000244140625,1792.0999755859375,1767.699951171875,1788.5,285,1736.7214181082588,1751.1161536681261,78.30374405198062,96.79432062880926,0.0355509381518182,0
2022-08-05,1791.199951171875,1791.4000244140625,1764.199951171875,1772.9000244140625,645,1741.2714233398438,1754.0206697675842,69.79492342346101,82.90297088680933,0.031355453411322065,1
2022-08-08,1771.800048828125,1786.800048828125,1771.800048828125,1786.800048828125,127,1746.7571411132812,1758.391253642323,72.06897954831177,95.28056080638201,0.04022827014060715,1
2022-08-09,1790.0,1796.0999755859375,1789.0,1794.0,249,1753.5071411132812,1763.1390864900134,77.6801485153471,98.19434487666481,0.04356932434283456,1
2022-08-10,1804.4000244140625,1804.9000244140625,1787.800048828125,1795.5999755859375,601,1759.4285714285713,1767.4672050361366,76.0528086534131,89.88025423559962,0.02588123492777261,0
2022-08-11,1794.300048828125,1794.300048828125,1785.699951171875,1789.699951171875,1235,1763.8999982561384,1770.4315711875684,70.78352780018075,82.56873798721342,0.015202181851872165,1
2022-08-12,1786.300048828125,1800.4000244140625,1784.300048828125,1798.5999755859375,187,1769.5857107979912,1774.1873584406844,76.28796656209258,92.77517943060967,0.01673260349685557,0
2022-08-15,1799.0,1799.0,1774.699951171875,1781.4000244140625,64,1774.1357160295759,1775.149047237135,69.03768712774193,72.6107381977424,0.005815622477617355,0
2022-08-16,1777.4000244140625,1777.4000244140625,1771.4000244140625,1773.199951171875,308,1778.0,1774.8891677617669,65.53704284100637,56.51568912770828,0.008646161076151904,0
2022-08-17,1769.699951171875,1769.699951171875,1760.0,1760.300048828125,23,1778.7142857142858,1772.943951903948,53.20924664188694,18.761464932038663,-0.015767375550391427,0
2022-08-18,1762.9000244140625,1762.9000244140625,1753.4000244140625,1755.300048828125,321,1778.17143031529,1770.5914314938382,47.43590271594403,4.431691225759411,-0.009927223951477049,0
2022-08-19,1753.699951171875,1754.300048828125,1747.5,1747.5999755859375,49,1776.642857142857,1767.5259040394515,42.857131215871426,0.17417342058308755,-0.021938701685114026,0
2022-08-22,1740.5,1740.5,1726.5,1734.0,347,1773.9928588867188,1763.055783500858,38.49969236450983,9.56632355162218,-0.03344481605351168,1
2022-08-23,1738.0,1748.9000244140625,1731.9000244140625,1746.800048828125,509,1773.192862374442,1760.8883522111603,46.521754294448755,25.892911360476322,-0.027177504689978704,1
2022-08-24,1745.0,1751.800048828125,1743.5999755859375,1747.800048828125,187,1770.2857230050224,1759.1432450934221,34.524733394724336,27.16842116735928,-0.023411691058221495,1
2022-08-25,1761.5999755859375,1761.800048828125,1755.0,1757.699951171875,172,1769.2000034877233,1758.9508059038826,43.95863191897942,39.79584369399598,-0.02273992270056513,0
2022-08-26,1754.0,1755.0,1736.0999755859375,1736.0999755859375,202,1765.57856968471,1755.9040285281567,31.011191160455397,12.244863005700246,-0.02542946458251294,1
2022-08-29,1732.4000244140625,1741.199951171875,1732.0999755859375,1736.5999755859375,950,1761.4785679408483,1753.3301548025274,27.36590789847365,12.882617909141725,-0.020640636472919582,0
2022-08-30,1736.4000244140625,1739.0,1720.699951171875,1723.199951171875,385,1756.307137625558,1749.3127943184406,23.881660473608235,3.136759978128451,-0.021076007854995193,0
2022-08-31,1718.300048828125,1720.9000244140625,1708.5,1712.800048828125,2133,1750.8142874581474,1744.4444282530653,23.13068446455351,4.679050800629612,-0.024212384673705123,0
2022-09-01,1707.9000244140625,1707.9000244140625,1693.9000244140625,1696.5999755859375,683,1743.528573172433,1738.0651678974482,16.09040351406894,2.5689360599968176,-0.029182879785118243,1
2022-09-02,1703.4000244140625,1715.699951171875,1703.0999755859375,1709.800048828125,182,1738.4142892020088,1734.2964853548717,25.546460503506594,19.041945406062872,-0.01395614254433386,0
2022-09-06,1709.699951171875,1717.4000244140625,1699.699951171875,1700.4000244140625,697,1733.2142944335938,1729.7769572294305,25.3387741194354,8.575206175024519,-0.026562871031055257,1
2022-09-07,1694.800048828125,1715.300048828125,1694.699951171875,1715.300048828125,651,1730.000008719308,1727.8467027759232,34.95990286603934,31.01452813632246,-0.018594804378104235,0
2022-09-08,1718.199951171875,1718.199951171875,1705.300048828125,1708.0,1193,1726.6214338030134,1725.2004757391335,34.43054535401963,20.765788683600693,-0.028275560421299195,1
2022-09-09,1719.199951171875,1720.0,1712.800048828125,1716.199951171875,635,1724.3785749162946,1724.0004057968324,39.6981563701229,32.84229564016777,-0.011462487583611791,1
2022-09-12,1727.4000244140625,1728.0999755859375,1727.4000244140625,1728.0999755859375,68,1723.9571446010045,1724.5470151020465,48.04246133159449,50.36809849039169,-0.004894621743347649,0
2022-09-13,1720.5,1720.5,1697.300048828125,1705.0,432,1720.971426827567,1721.9407464217736,37.018618376358695,16.347528122005546,-0.01056171755314761,0
2022-09-14,1698.699951171875,1701.800048828125,1696.5,1696.5,532,1717.307137625558,1718.5486468988706,34.77743358215875,3.829123197485964,-0.009516609273380938,0
2022-09-15,1685.5,1686.0,1662.300048828125,1665.4000244140625,1125,1710.7142857142858,1711.4621639008963,25.672142561596573,3.344096244656952,-0.01838969210234709,1
2022-09-16,1660.4000244140625,1674.9000244140625,1651.699951171875,1671.699951171875,464,1706.1142839704241,1706.1605355370268,31.536692832919783,22.3463687150838,-0.02228336446847301,0
2022-09-19,1661.800048828125,1669.4000244140625,1658.5,1666.199951171875,580,1701.0857107979912,1700.8324576216733,30.37903711440518,16.609383608189475,-0.020112957393053743,0
2022-09-20,1659.699951171875,1659.699951171875,1659.699951171875,1659.699951171875,2830,1696.5499965122767,1695.348123428367,31.59420289855072,10.471200842348798,-0.03241421096806674,1
2022-09-21,1665.5,1680.0999755859375,1664.5999755859375,1664.5999755859375,2337,1693.107134137835,1691.2483703827097,35.56885089524255,16.884843313856415,-0.02540985035952137,1
2022-09-22,1668.300048828125,1670.800048828125,1668.300048828125,1670.800048828125,973,1691.2642822265625,1688.521927508765,41.78346920448317,25.000119833383668,-0.02645373711422705,0
2022-09-23,1667.0,1667.0,1645.300048828125,1645.300048828125,1224,1686.6571393694196,1682.7590103513464,30.950980095262395,0.0,-0.04791385216572208,0
2022-09-26,1623.300048828125,1623.300048828125,1623.300048828125,1623.300048828125,1205,1681.1499982561384,1674.831148814917,28.80704638872578,0.0,-0.04791785992485342,1
2022-09-27,1632.199951171875,1636.5999755859375,1626.699951171875,1626.699951171875,888,1674.8214198521205,1668.4136557958448,24.002303863556264,3.2441838929973756,-0.04114355958038607,1
2022-09-28,1620.4000244140625,1660.4000244140625,1620.4000244140625,1660.4000244140625,18311,1671.421421595982,1667.3451716116072,37.906505767018054,37.14022110944623,-0.003002281690105746,0
2022-09-29,1657.0,1662.5999755859375,1640.0,1658.5,6028,1667.2999965122767,1666.1658153967264,34.85565586040026,35.37603793815555,-0.007896124638049895,1
2022-09-30,1661.699951171875,1672.699951171875,1658.0,1662.4000244140625,548,1662.607142857143,1665.6637099323711,32.00001337756849,41.95805219147361,-0.002280594688014448,1
2022-10-03,1667.199951171875,1700.0,1661.9000244140625,1692.9000244140625,410,1661.7428588867188,1669.29521852993,46.81411952861195,89.06631235294206,0.02000365982944441,1
2022-10-04,1701.199951171875,1728.0,1696.0,1721.0999755859375,291,1663.5,1676.202519470731,55.86831547025905,93.58733645013551,0.033942088687170635,0
2022-10-05,1724.0999755859375,1726.5999755859375,1703.0,1711.4000244140625,418,1666.7857142857142,1680.8955201298418,62.221044615997315,84.57250989552549,0.024299721330756308,1
2022-10-06,1721.0,1723.300048828125,1709.0999755859375,1711.699951171875,133,1669.642857142857,1685.002777602113,60.976951350076575,84.8512522987456,0.04035732108015422,0
2022-10-07,1710.0999755859375,1710.0999755859375,1693.699951171875,1700.5,179,1672.0928606305804,1687.0690739218312,59.12721305340952,74.44237338322031,0.047557413201340326,0
2022-10-10,1693.4000244140625,1693.4000244140625,1667.0,1667.300048828125,195,1672.6357247488838,1684.433203909337,51.77076021528986,43.58739317427129,0.02495856573119193,1
2022-10-11,1661.800048828125,1678.699951171875,1661.0,1678.699951171875,167,1673.642865862165,1683.6687702110087,53.188600794258555,54.182100358609986,0.011021396343492862,0
2022-10-12,1668.0,1672.699951171875,1668.0,1670.300048828125,149,1673.6071515764509,1681.8862740266243,49.88804277116008,46.375497896101805,0.007114892268992978,0
2022-10-13,1675.199951171875,1675.300048828125,1641.5,1670.0,729,1675.3714338030134,1680.3014374897411,56.23422510771293,46.09664204461013,0.004571688807942786,0
2022-10-14,1665.300048828125,1667.0,1640.0,1641.699951171875,82,1676.6857125418526,1675.154572647359,54.50096211155717,19.79547545603369,-0.030244002896691158,1
2022-10-17,1650.199951171875,1657.0,1646.800048828125,1657.0,238,1678.8500017438616,1672.7339629610444,57.00417849935212,34.01485491667792,-0.03724360960734718,0
2022-10-18,1651.4000244140625,1655.199951171875,1649.0,1649.0,597,1678.0357142857142,1669.5694345662387,47.00943324326418,10.227272727272728,-0.03646139039610363,0
2022-10-19,1637.5,1637.5,1627.5,1627.5,84,1675.8214285714287,1663.9601766240735,42.62606013161776,0.0,-0.04919083576197425,1
2022-10-20,1622.800048828125,1641.4000244140625,1622.800048828125,1630.800048828125,477,1673.5642874581474,1659.5388262512804,42.461828226582824,7.604566267269128,-0.04098791600815932,1
2022-10-21,1634.0999755859375,1653.9000244140625,1634.0999755859375,1651.0,224,1670.5714285714287,1658.4003160844431,39.48818586566854,26.806049677534645,-0.009776314011135323,0
2022-10-24,1662.699951171875,1662.699951171875,1648.699951171875,1648.699951171875,29,1665.3999982561384,1657.1069340961008,29.123380577560866,24.951753968169967,-0.0178709721049658,1
2022-10-25,1648.199951171875,1652.800048828125,1637.300048828125,1652.800048828125,880,1661.2142857142858,1656.5326827270374,32.53873624435025,29.850746268656714,-0.010477159485373866,1
2022-10-26,1649.800048828125,1667.0,1649.800048828125,1664.0,89,1657.8071463448662,1657.528325030099,36.65361941649419,47.19356900054673,-0.003592814371257469,0
2022-10-27,1660.699951171875,1660.699951171875,1660.699951171875,1660.699951171875,2298,1654.9642857142858,1657.9512085156691,38.34893517267798,53.68259978732786,0.01157336941286835,0
2022-10-28,1661.0,1661.0,1638.699951171875,1639.5999755859375,626,1652.9857090541295,1655.5043774583717,41.27282279198598,30.053588742433373,-0.010500919984346657,0
2022-10-31,1641.800048828125,1641.800048828125,1633.4000244140625,1635.9000244140625,522,1649.9285714285713,1652.8904637191304,35.82785027886172,24.952334449404763,-0.007944193805905053,1
2022-11-01,1630.800048828125,1653.699951171875,1630.800048828125,1645.0,985,1648.1214250837054,1651.838401889913,41.66116801102091,42.285621279761905,0.010752688172043001,1
2022-11-02,1650.800048828125,1664.699951171875,1634.0,1645.699951171875,612,1646.385707310268,1651.0199417941747,42.01182339703564,51.809791044116594,0.009136559907793051,0
2022-11-03,1629.199951171875,1629.199951171875,1615.0999755859375,1627.300048828125,1427,1645.357142857143,1647.8572893987014,44.936741459796615,23.50687380193572,-0.014354906827301672,1
2022-11-04,1630.199951171875,1674.5,1629.0,1672.5,159,1646.4642857142858,1651.1429841455413,54.503199649322404,96.632998016872,0.014435645983496448,1
2022-11-07,1676.9000244140625,1677.9000244140625,1672.9000244140625,1676.5,42,1648.4285714285713,1654.5239195928025,58.17966209513795,97.77066349439605,0.014339273034677635,1
2022-11-08,1703.199951171875,1712.0999755859375,1703.199951171875,1712.0999755859375,23,1654.471426827567,1662.200727058554,73.2162609600417,100.0,0.028906235328087337,0
2022-11-09,1707.4000244140625,1720.199951171875,1706.0,1710.0999755859375,497,1660.135707310268,1668.587293528872,71.91819322222155,90.39012565927857,0.029746508018623885,1
2022-11-10,1708.199951171875,1750.300048828125,1708.199951171875,1750.300048828125,325,1667.2285679408483,1679.4823275687725,74.7138121197833,100.0,0.06751651310718465,1
2022-11-11,1763.800048828125,1766.0,1757.5999755859375,1766.0,257,1675.607142857143,1691.0180172262696,77.36821179076115,100.0,0.07952807240316284,1
2022-11-14,1762.0,1773.5999755859375,1761.5999755859375,1773.5999755859375,358,1684.2357090541295,1702.0289450075586,77.73188769290697,100.0,0.07817627695193763,1
2022-11-15,1770.800048828125,1773.800048828125,1769.9000244140625,1773.800048828125,57,1692.07856968471,1711.5984255169674,76.54742565981782,100.0,0.07783927900406873,0
2022-11-16,1776.5999755859375,1778.9000244140625,1773.0,1773.0,303,1700.1000017438616,1719.7853021147052,77.48413024669819,96.39803256697842,0.08953477957356326,0
2022-11-17,1763.0,1763.0,1756.0,1760.800048828125,18,1708.7571498325892,1725.2539350098277,81.0133596549042,88.9499571487126,0.052795245936098745,0
2022-11-18,1763.300048828125,1763.300048828125,1747.5999755859375,1751.9000244140625,414,1717.0428641183037,1728.8067469303924,78.91328133272157,83.5164884301524,0.04497466413007012,0
2022-11-21,1739.0,1744.9000244140625,1736.0999755859375,1737.4000244140625,544,1723.642865862165,1729.9525172615483,72.427203681548,74.66423221671573,0.01477720296063123,1
2022-11-22,1741.699951171875,1741.699951171875,1738.300048828125,1738.300048828125,15,1730.2571585518974,1731.0655214704252,72.45395722210054,75.21369750717292,0.016490306791873577,1
2022-11-23,1736.5,1750.9000244140625,1736.5,1744.9000244140625,39,1738.6571568080358,1732.9101218629103,80.2469035022998,77.31821583558704,-0.003085199259223015,1
2022-11-25,1753.0,1757.9000244140625,1749.199951171875,1753.300048828125,216,1744.4285888671875,1735.6287787916056,75.63451737332115,75.84907963590803,-0.007191365329487498,0
2022-11-28,1741.300048828125,1741.300048828125,1740.0999755859375,1740.0999755859375,132767,1748.971444266183,1736.2249383641831,69.06472134991478,48.74503132382465,-0.01888813738223738,1
2022-11-29,1739.5,1758.199951171875,1737.9000244140625,1748.4000244140625,19416,1751.5643048967634,1737.8482831708336,63.010747419026835,58.16187958077486,-0.014319553340210622,0
2022-11-30,1748.0999755859375,1769.4000244140625,1745.0999755859375,1746.0,3339,1754.1285923549108,1738.9351787480557,62.83057737663636,53.465360210644455,-0.015228426395939132,1
2022-12-01,1768.699951171875,1803.699951171875,1768.699951171875,1801.0999755859375,1053,1757.7571585518974,1747.22381832644,66.40822696221107,96.15388088027895,0.0228872817130108,0
2022-12-02,1802.0,1802.300048828125,1779.4000244140625,1795.9000244140625,1725,1759.8928745814733,1753.7139791381232,60.360356549787795,88.46164264083687,0.0251155884393095,0
2022-12-05,1795.699951171875,1808.0,1764.300048828125,1767.4000244140625,1713,1759.4500209263392,1755.5387851749151,48.12350367983921,43.532737413094964,0.017267180602301035,1
2022-12-06,1768.5999755859375,1779.4000244140625,1767.9000244140625,1769.300048828125,105,1759.1285923549108,1757.3736203286765,48.65188854090632,46.17532958124294,0.017833515002716904,1
2022-12-07,1769.300048828125,1790.300048828125,1769.300048828125,1785.5,422,1760.021449497768,1761.123804284853,53.428413782759094,68.706547482619,0.02326779472627427,1
2022-12-08,1782.0,1790.9000244140625,1782.0,1788.699951171875,713,1762.0142996651787,1764.8006238697892,58.04959448436754,73.15710392950824,0.020190441657382374,1
2022-12-09,1794.9000244140625,1804.300048828125,1791.0999755859375,1798.0999755859375,125,1765.3142961774554,1769.2405374319424,63.29112145922445,86.23084693678322,0.03333141820226149,0
2022-12-12,1787.300048828125,1793.9000244140625,1777.699951171875,1780.5,85,1768.392865862165,1770.7417991076836,62.18201516045447,61.53846153846154,0.018359628882237633,1
2022-12-13,1780.699951171875,1819.800048828125,1780.5,1813.9000244140625,205,1773.7928641183037,1776.4962291485342,68.05156799706192,92.91714170992125,0.038888902871742514,0
2022-12-14,1810.800048828125,1812.800048828125,1797.9000244140625,1807.5,1074,1778.2642909458705,1780.630065262063,64.96174800891836,84.98162983940082,0.0035533976463357764,0
2022-12-15,1801.0,1801.0,1774.800048828125,1777.199951171875,421,1779.971426827567,1780.1727167167046,55.17089836528324,47.98524425233819,-0.010412647134012132,1
2022-12-16,1777.9000244140625,1791.4000244140625,1777.9000244140625,1790.0,206,1783.5357142857142,1781.4830211544775,60.81491299781205,63.61411484145023,0.012787130968513916,0
2022-12-19,1791.5999755859375,1796.300048828125,1785.5999755859375,1787.699951171875,79,1786.3428519112724,1782.311945156797,58.744974176188634,57.0280238518947,0.010399537577550522,1
2022-12-20,1786.5,1821.4000244140625,1786.5,1815.9000244140625,51,1791.3357107979912,1786.7903557244324,63.95209388250166,90.36777171345318,0.017026056798690847,0
2022-12-21,1817.4000244140625,1821.4000244140625,1814.4000244140625,1815.9000244140625,35,1792.392857142857,1790.6716448830498,53.78711303302642,90.36777171345318,0.01520661596952988,0
2022-12-22,1818.0999755859375,1818.0999755859375,1785.0,1787.0,411,1791.7571411132812,1790.1820922319764,47.96896040880978,39.754747596539275,-0.006173169310188298,1
2022-12-23,1794.300048828125,1802.800048828125,1794.0999755859375,1795.9000244140625,49,1793.7928553989955,1790.944483189588,57.1428484017069,52.336448598130836,0.008649269538928639,1
2022-12-27,1803.4000244140625,1826.300048828125,1803.4000244140625,1814.800048828125,69,1797.0428553989955,1794.1252252747263,60.50807129123745,79.82456140350878,0.0004961819295157266,0
2022-12-28,1803.199951171875,1807.9000244140625,1803.0999755859375,1807.9000244140625,434,1798.642857142857,1795.9618651599712,55.40540301699379,64.27179725424757,0.00022131364540101117,1
2022-12-29,1805.800048828125,1819.5,1805.800048828125,1819.5,277,1800.8428606305804,1799.1002831386418,57.14285714285714,86.79602169296116,0.023801513611472203,1
2022-12-30,1817.0,1822.300048828125,1816.800048828125,1819.699951171875,95,1802.3857160295759,1801.8469055430728,55.23254541701684,87.18427639563106,0.016592151492667684,1
2023-01-03,1836.199951171875,1839.699951171875,1836.199951171875,1839.699951171875,29,1806.6142839704241,1806.89397829358,64.17621362742415,100.0,0.0290876553226469,1
2023-01-04,1845.5999755859375,1859.0999755859375,1845.5999755859375,1852.800048828125,25,1809.392857142857,1813.014787698186,60.31828881715069,92.52677078129412,0.020320515401704986,0
2023-01-05,1855.199951171875,1855.199951171875,1834.800048828125,1834.800048828125,24,1811.3428606305804,1815.9194891821778,56.82158975416387,71.17443906253393,0.010408075422633,1
2023-01-06,1838.4000244140625,1868.199951171875,1835.300048828125,1864.199951171875,26,1817.5571463448662,1822.3568841141375,71.83732798643011,95.57031755880806,0.043200868031267436,1
2023-01-09,1867.0,1880.0,1867.0,1872.699951171875,62,1823.4642857142858,1829.069293055169,71.21597973722021,92.31573807565789,0.04276403235913406,0
2023-01-10,1877.800048828125,1878.0999755859375,1871.5999755859375,1871.5999755859375,101,1829.4571446010045,1834.740050725938,71.65719997151484,91.15786903782895,0.031298173478940594,1
2023-01-11,1873.0999755859375,1877.800048828125,1873.0999755859375,1874.5999755859375,1236,1833.6499982561384,1840.054707373938,67.4183831370549,94.31576377467105,0.03689360599101299,1
2023-01-12,1877.199951171875,1897.4000244140625,1877.199951171875,1895.5,59,1839.3357107979912,1847.447413057413,71.01371840689885,98.30958718739853,0.04176971695520737,1
2023-01-13,1899.0,1920.9000244140625,1898.300048828125,1918.4000244140625,512,1848.721426827567,1856.9077612382998,85.82333885556102,98.02839192641896,0.05423975154729499,0
2023-01-17,1920.0999755859375,1920.0999755859375,1905.199951171875,1907.199951171875,706,1856.671421595982,1863.6133865627767,79.96765828214205,88.370061491081,0.03669076577243091,0
2023-01-18,1911.0999755859375,1911.0999755859375,1903.0999755859375,1904.4000244140625,1027,1863.0714198521205,1869.0516049429482,76.41509094455516,85.99321463433841,0.027849727021852066,1
2023-01-19,1922.0999755859375,1931.800048828125,1922.0999755859375,1922.0999755859375,371,1871.22855922154,1876.1247210286801,81.65188830154361,92.30152917286706,0.047580076539441185,1
2023-01-20,1922.0999755859375,1928.5,1921.4000244140625,1926.4000244140625,1346,1878.8642752511162,1882.828094813398,80.87811654860423,95.30432659646739,0.03336555888389925,1
2023-01-23,1926.5,1927.0999755859375,1915.0,1927.0999755859375,218,1886.5357055664062,1888.7310122497365,80.93319110546075,95.15456366784794,0.0290489805267633,1
2023-01-24,1931.800048828125,1936.800048828125,1931.800048828125,1933.9000244140625,201,1893.2642822265625,1894.7535472049801,79.36410813723319,97.15683880974265,0.03328705366573903,1
2023-01-25,1941.199951171875,1941.199951171875,1939.800048828125,1941.199951171875,7,1899.5785609654017,1900.9464010672327,78.5899049493005,100.0,0.03552756665598511,0
2023-01-26,1936.5999755859375,1937.0999755859375,1927.0999755859375,1929.0999755859375,131,1906.3142700195312,1904.70021100306,81.70814900311866,88.57413905193123,0.01772618073644816,0
2023-01-27,1928.5999755859375,1928.5999755859375,1928.5999755859375,1928.5999755859375,150902,1910.914271763393,1907.886846280777,76.87815683904948,83.01888965297131,0.005316905255456472,0
2023-01-30,1928.300048828125,1933.5999755859375,1920.300048828125,1922.9000244140625,27220,1914.499991280692,1909.8886033652152,71.45304513580598,73.70699256177619,0.008232001700996694,1
2023-01-31,1923.0,1930.4000244140625,1900.5999755859375,1929.5,1910,1918.635707310268,1912.5034562498531,73.63268657593927,82.81944880125477,0.013179991212014519,0
2023-02-01,1927.199951171875,1955.0,1922.0,1927.800048828125,2290,1922.4357125418526,1914.543001926956,71.94725588169234,65.03864511452322,0.0029655446202530023,0
2023-02-02,1952.300048828125,1959.0999755859375,1911.300048828125,1916.300048828125,748,1923.92143031529,1914.777274847112,59.302363669715156,29.60529882165867,-0.005242927459476965,0
2023-02-03,1912.4000244140625,1917.0,1861.5,1862.9000244140625,992,1919.9571446010045,1907.8603081227054,30.49891912294548,1.4344516027360765,-0.03331428155529659,1
2023-02-06,1865.5999755859375,1880.0,1863.4000244140625,1866.199951171875,424,1917.028573172433,1902.3055938625948,34.74698501910078,4.815524946250277,-0.03500701814340135,1
2023-02-07,1870.0,1875.699951171875,1868.0,1871.699951171875,297,1914.6928536551338,1898.2248415038323,38.07434817797905,10.450772257513393,-0.03580259723272905,1
2023-02-08,1872.0999755859375,1880.4000244140625,1872.0999755859375,1877.4000244140625,230,1911.5,1895.4481992251965,32.1342911619429,16.291012696066108,-0.026800037232996066,0
2023-02-09,1875.300048828125,1884.5999755859375,1859.800048828125,1866.199951171875,223,1907.199994768415,1891.5484328180871,27.1969208659972,6.445022219763604,-0.0323550892896306,0
2023-02-10,1861.5999755859375,1863.5,1852.4000244140625,1862.800048828125,27,1902.607142857143,1887.715314952759,26.132142413732794,9.746981418304378,-0.03125486235523389,0
2023-02-13,1859.0,1861.0,1850.0,1851.9000244140625,569,1896.75,1882.9399428809327,20.461053535119007,1.7415443072815908,-0.04021766031922125,1
2023-02-14,1854.0999755859375,1862.0,1846.199951171875,1854.0,656,1890.5214320591517,1879.0812838301417,17.365251953035767,6.90881057697402,-0.03828200381724589,0
2023-02-15,1842.0,1842.0,1828.199951171875,1834.199951171875,368,1883.7428588867188,1873.097106142373,16.41894069176668,4.583650787581842,-0.04284302852596422,1
2023-02-16,1838.5999755859375,1843.699951171875,1827.199951171875,1842.0,222,1877.5571463448662,1868.9508253233898,20.861376240315906,11.220656625251614,-0.011219080004379878,0
2023-02-17,1827.4000244140625,1842.199951171875,1818.4000244140625,1840.4000244140625,35,1871.6642892020088,1865.1440518688128,21.45328719723183,15.636110614655035,-0.013824845907648542,0
2023-02-21,1842.5999755859375,1843.0,1833.0,1833.0,862,1864.7714320591517,1860.8581782863046,16.792853554320004,10.376674237862806,-0.020676364899002597,0
2023-02-22,1835.699951171875,1836.199951171875,1825.0999755859375,1832.0,278,1857.9285714285713,1857.010421181464,16.874141034169526,9.665941937196667,-0.024182392576793443,0
2023-02-23,1826.4000244140625,1827.5,1818.0,1818.0,291,1850.9071393694196,1851.8090316906023,16.587361125402893,0.0,-0.025827860054121188,0
2023-02-24,1808.800048828125,1808.800048828125,1808.800048828125,1808.800048828125,404,1847.0428553989955,1846.0745006422721,23.712360179700752,0.0,-0.028988618522943987,1
2023-02-27,1811.5999755859375,1817.5,1808.9000244140625,1817.0,829,1843.528573172433,1842.197900556636,27.179995878147167,10.817887988301852,-0.01884552295154529,1
2023-02-28,1808.0999755859375,1830.0,1808.0999755859375,1828.9000244140625,618,1840.471435546875,1840.4248504042928,31.260989795056688,27.18960631127451,-0.013538282408812052,1
2023-03-01,1827.0999755859375,1841.699951171875,1827.0999755859375,1837.699951171875,211,1837.6357160295759,1840.0615305066372,33.07753707120564,38.69277854370915,0.0019081889069747504,0
2023-03-02,1830.0,1836.300048828125,1830.0,1833.5,154,1835.300005231585,1839.186659772419,35.17678645736497,45.84839931517263,-0.0046145494028230205,1
2023-03-03,1837.300048828125,1855.4000244140625,1837.300048828125,1847.699951171875,61,1834.221426827567,1840.3217652923465,43.765435209918856,73.4693091819934,0.003966489165928344,1
2023-03-06,1853.300048828125,1853.800048828125,1844.199951171875,1847.9000244140625,5,1833.9357125418526,1841.3321998419087,48.18840419462271,73.8405024130957,0.008128764001125166,0
2023-03-07,1840.9000244140625,1840.9000244140625,1813.9000244140625,1813.9000244140625,450,1831.0714285714287,1837.6745764515292,35.91005051809138,12.26224702050676,-0.009879899337302156,0
2023-03-08,1811.5999755859375,1812.9000244140625,1811.5,1812.699951171875,75,1829.5357142857142,1834.3446264142422,41.30961661814773,9.725096907727327,-0.0029153183873075195,1
2023-03-09,1816.4000244140625,1829.300048828125,1815.5999755859375,1829.300048828125,332,1828.6285749162946,1833.6720160694267,45.207565595518865,44.82040456072799,0.011333480454780664,1
2023-03-10,1852.300048828125,1868.5,1852.0,1862.0,248,1830.17143031529,1837.4490805935031,56.60146051629184,89.23841494592733,0.024766097963676348,1
2023-03-13,1890.800048828125,1913.0999755859375,1875.0999755859375,1911.699951171875,503,1835.7928553989955,1847.3491966706194,69.11121624537864,98.66664341517857,0.04527307433567329,0
2023-03-14,1912.199951171875,1912.199951171875,1901.0999755859375,1906.199951171875,107,1841.0928519112724,1855.1959639374536,67.63307642858302,93.42854817708334,0.03727485542801401,1
2023-03-15,1903.9000244140625,1926.5999755859375,1898.5,1926.5999755859375,564,1848.8499930245537,1864.7164988239183,75.04612829211301,100.0,0.05077718875698811,0
2023-03-16,1909.9000244140625,1931.699951171875,1909.9000244140625,1919.0,394,1856.7214181082588,1871.9542989807292,75.60408368398303,89.72495656923097,0.038588542897835865,1
2023-03-17,1946.0,1985.0999755859375,1946.0,1969.800048828125,82,1867.635707310268,1885.000398960382,79.63538011778978,91.35597358315678,0.06596678543403067,1
2023-03-20,1988.300048828125,2003.9000244140625,1968.9000244140625,1979.199951171875,389,1878.3714163643974,1897.5603392552478,79.43595179727429,87.16212572352346,0.09112956862725041,0
2023-03-21,1973.800048828125,1973.800048828125,1938.0,1938.0,47,1885.5357055664062,1902.9522940212146,67.4313635472612,65.74843240547641,0.06912343587096204,1
2023-03-22,1946.800048828125,1974.0,1946.800048828125,1946.800048828125,50,1893.6285661969866,1908.7986613288026,69.38077829312071,70.32226177734098,0.06423221826035164,1
2023-03-23,1990.5,1994.5999755859375,1990.5,1993.800048828125,33,1904.0642874581474,1920.1321796620457,72.47001749761567,94.75053310585791,0.07078412933841305,0
2023-03-24,1991.699951171875,1995.4000244140625,1982.0999755859375,1982.0999755859375,19,1913.6499982561384,1928.394552451898,69.93462748619366,88.6694147287584,0.03682587550986094,0
2023-03-27,1957.199951171875,1957.199951171875,1952.4000244140625,1952.4000244140625,877,1923.5428553989955,1931.5952820468535,70.83959970641415,73.23285162939102,0.024236740334498963,1
2023-03-28,1972.4000244140625,1972.4000244140625,1972.4000244140625,1972.4000244140625,21,1934.9500034877233,1937.0359143624814,72.74282032855031,83.27137980258715,0.023772474519105025,0
2023-03-29,1966.0999755859375,1966.0999755859375,1966.0999755859375,1966.0999755859375,88563,1944.721426827567,1940.911122525609,70.0704161029689,75.11517922795964,0.02454402062841976,1
2023-03-30,1965.9000244140625,1984.4000244140625,1954.9000244140625,1980.300048828125,10119,1953.17143031529,1946.1629793659445,68.35247144055067,81.67704453479666,0.005330490272983157,0
2023-03-31,1981.300048828125,1986.800048828125,1968.0,1969.0,957,1957.2642909458705,1949.2079154504852,60.09158493535307,66.88803004735725,-0.005153572869601053,1
2023-04-03,1968.0999755859375,1991.699951171875,1950.0,1983.9000244140625,737,1962.8142961774554,1953.8335299789624,63.24582815689751,81.02467232699085,0.023684223123871195,1
2023-04-04,1984.5999755859375,2027.0999755859375,1979.0,2022.199951171875,811,1969.642865862165,1962.949052804684,65.35988963465604,95.81909005501498,0.038730172823417064,0
2023-04-05,2022.0999755859375,2033.800048828125,2013.5999755859375,2020.9000244140625,525,1976.9214390345983,1970.6758490192678,66.71039951700357,86.53442814292667,0.013592123042561743,0
2023-04-06,2022.199951171875,2023.300048828125,2005.0,2011.9000244140625,0,1979.9285801478795,1976.1724057385738,58.00075626996517,77.1398609061741,0.015034584125513506,0
2023-04-10,2000.0,2006.5999755859375,1984.0,1989.0999755859375,652,1980.6357247488838,1977.8960817182224,51.790238705852175,53.34023960427832,0.018797352342222462,1
2023-04-11,1991.4000244140625,2006.5,1991.4000244140625,2004.800048828125,68,1985.4071568080358,1981.4832773328762,63.30676969196486,66.66666666666666,0.016426700473037847,1
2023-04-12,2005.199951171875,2025.699951171875,2005.199951171875,2010.9000244140625,172,1989.9857264927455,1985.4055102770344,62.90775905509876,72.67301781526315,0.022786251657815004,1
2023-04-13,2015.5999755859375,2048.60009765625,2015.5999755859375,2041.300048828125,1043,1993.3785836356026,1992.85811541718,60.25031505388581,92.59630669578523,0.03080341286468058,0
2023-04-14,2041.0,2047.800048828125,1995.0,2002.199951171875,718,1994.8142961774554,1994.1036935178058,53.87880326908826,52.941074514814325,0.01686132614112501,0
2023-04-17,2002.699951171875,2007.5999755859375,1983.199951171875,1994.199951171875,554,1997.800005231585,1994.1165278716817,58.803681439008884,44.82749228704571,0.0051917569590507195,1
2023-04-18,1996.9000244140625,2007.4000244140625,1996.9000244140625,2007.4000244140625,72,2000.300005231585,1995.887660743999,57.58888727728554,58.214977244927766,-0.0073187257022906405,0
2023-04-19,2005.699951171875,2006.4000244140625,1969.800048828125,1995.199951171875,61,2002.3785749162946,1995.7959661343825,56.15220518516722,45.84169006551678,-0.012717142328522169,1
2023-04-20,1998.0,2007.5999755859375,1998.0,2007.5999755859375,164,2004.32856968471,1997.3698340612566,55.815911768300765,58.41776727924609,-0.0021373074088893995,0
2023-04-21,1996.199951171875,1996.199951171875,1974.0999755859375,1979.5,132,2005.07856968471,1994.987189519756,52.08747312271573,29.918834464896772,-0.00482629113858879,1
2023-04-24,1981.300048828125,1989.800048828125,1977.4000244140625,1989.0999755859375,145,2005.449994768415,1994.2022276619134,51.056041236131996,24.492277663315416,-0.007831241450420356,1
2023-04-25,1995.699951171875,1999.0999755859375,1982.300048828125,1994.0,306,2003.4357125418526,1994.1752639736583,43.374080745270355,30.71057890415628,-0.008404209164494358,0
2023-04-26,1997.800048828125,1998.800048828125,1985.5999755859375,1985.699951171875,615,2000.921421595982,1993.0452222667539,41.9927191138534,20.177528542437997,-0.027237591890603707,1
2023-04-27,1990.5999755859375,2002.300048828125,1979.9000244140625,1989.9000244140625,355,1999.3499930245537,1992.6258625530618,44.88373254966263,25.507567425216486,-0.0061432060022843515,1
2023-04-28,1986.9000244140625,1990.0999755859375,1977.699951171875,1990.0999755859375,152,1999.421421595982,1992.289077624112,50.25987473225796,25.76131240995771,-0.002055950098448389,0
2023-05-01,1980.0999755859375,2005.0,1976.9000244140625,1983.4000244140625,210,1997.8928484235491,1991.1038705294386,44.165759793399296,17.25884157204158,-0.011955763528998298,1
2023-05-02,1994.699951171875,2018.0,1994.699951171875,2014.300048828125,1896,1998.135707310268,1994.1966943025968,50.81652719285028,56.47204622558208,0.0095730243202099,1
2023-05-03,2017.0999755859375,2035.0999755859375,2015.199951171875,2028.5999755859375,1349,1997.22855922154,1998.7837984737089,46.69441470179865,75.384521484375,0.01046025117323035,1
2023-05-04,2045.0,2072.0,2040.0,2048.0,930,2000.499991280692,2005.3459586772144,63.28306551998086,76.51662283122039,0.03460469815610012,0
2023-05-05,2046.4000244140625,2046.4000244140625,2004.300048828125,2017.4000244140625,59,2002.1571393694196,2006.9531674421273,55.94873300484963,46.57534082955298,0.014227564815985971,1
2023-05-08,2022.5,2026.300048828125,2022.5,2026.300048828125,3,2003.5071411132812,2009.5327516269272,54.95543187077322,55.28378375150199,0.016198620274887165,1
2023-05-09,2026.5999755859375,2037.300048828125,2025.9000244140625,2036.199951171875,241,2006.4357125418526,2013.0883782329204,60.881109674142074,63.43203278815257,0.025431838264485584,0
2023-05-10,2032.300048828125,2044.300048828125,2029.5,2030.5,248,2008.0714285714287,2015.4099278018643,56.30160868265384,57.60981649557293,0.02040302280909434,0
2023-05-11,2034.0999755859375,2038.300048828125,2014.0,2014.699951171875,90,2010.5857107979912,2015.315264251199,60.38960196696173,39.7475672574221,0.012361175763893284,0
2023-05-12,2014.5,2014.5,2014.5,2014.5,115,2012.3999982561384,2015.2065623510393,57.93751368523688,39.537313605259676,0.01568013270299584,1
2023-05-15,2013.800048828125,2018.0,2013.800048828125,2018.0,3,2014.1142839704241,2015.5790207042342,57.566211275736,43.217651037983,0.0018368421199352891,0
2023-05-16,1988.4000244140625,1988.4000244140625,1988.4000244140625,1988.4000244140625,49,2014.3071463448662,2011.9551545322113,50.750438171209424,12.092537278948063,-0.01981659846972228,0
2023-05-17,1983.5999755859375,1983.5999755859375,1980.699951171875,1980.699951171875,13,2013.6499982561384,2007.7877940841665,47.491798183053774,3.9957179109669485,-0.03286135196685791,0
2023-05-18,1956.5,1956.800048828125,1956.5,1956.5,23,2011.25,2000.9494215396112,41.89970800797401,0.0,-0.030187381618452358,1
2023-05-19,1960.0,1978.699951171875,1960.0,1978.699951171875,106,2010.9142804827009,1997.9828254905797,48.94569809884474,19.22073694534632,-0.023491139766679048,0
2023-05-22,1980.5,1980.5,1974.800048828125,1974.800048828125,8,2008.0928519112724,1994.8917886022523,39.91830808631552,15.844198119588745,-0.030154161583401007,0
2023-05-23,1972.4000244140625,1972.4000244140625,1972.4000244140625,1972.4000244140625,1,2004.07856968471,1991.8928867104937,34.72825387474242,13.766254903950218,-0.028613629936438123,0
2023-05-24,1975.4000244140625,1975.4000244140625,1962.800048828125,1962.800048828125,189,1997.9928588867188,1988.0138416595112,25.54532305941514,7.007838840074355,-0.0257606113076847,0
2023-05-25,1943.0999755859375,1943.0999755859375,1943.0999755859375,1943.0999755859375,1,1992.6857125418526,1982.0253261830348,27.25041711767203,0.0,-0.03544305009385085,1
2023-05-26,1948.199951171875,1948.4000244140625,1944.0999755859375,1944.0999755859375,166036,1986.8142787388392,1976.9686127700886,23.552062590580775,0.9881415773354675,-0.03662042835186452,1
2023-05-30,1942.699951171875,1962.5999755859375,1931.0,1958.0,37838,1981.2285679408483,1974.4394644007434,25.47051471736954,23.8305281235657,-0.015288686401530693,1
2023-05-31,1958.199951171875,1973.0,1953.0,1963.9000244140625,5959,1976.471426827567,1973.0342057358528,29.13534280270727,30.66170497905579,-0.008481813082225287,1
2023-06-01,1963.199951171875,1983.0,1954.300048828125,1978.0,750,1973.8500017438616,1973.6963116377392,38.37872898363839,54.02298850574713,0.01098901098901095,0
2023-06-02,1977.0999755859375,1982.5,1947.4000244140625,1952.4000244140625,356,1969.4142892020088,1970.8568066745825,33.060556355816786,24.59772921156609,-0.013291518374090261,1
2023-06-05,1947.5,1961.9000244140625,1937.800048828125,1958.0,713,1965.1285749162946,1969.1425657846382,33.818761703349224,47.03830751923032,-0.00850721511683894,1
2023-06-06,1960.800048828125,1965.5,1958.800048828125,1965.5,164,1963.4928588867188,1968.6568903466864,42.98835435241035,65.58938405519623,-0.003498288546265993,0
2023-06-07,1959.0,1968.4000244140625,1940.699951171875,1942.699951171875,139,1960.778573172433,1965.1959651233783,39.34976995481206,22.499906099759613,-0.010240522292757515,1
2023-06-08,1943.199951171875,1969.0,1943.0999755859375,1963.5999755859375,433,1961.2857142857142,1964.983166518386,52.02740621812733,62.6922607421875,0.01055015195181519,0
2023-06-09,1965.0999755859375,1969.800048828125,1960.300048828125,1962.199951171875,49,1960.107142857143,1964.6120711388512,44.653274537074395,59.99990609975961,0.00931020822655082,0
2023-06-12,1959.699951171875,1963.5,1951.4000244140625,1955.300048828125,212,1958.7142857142858,1963.3704681640877,43.80165481661521,46.73086313100961,-0.0013789331827758211,0
2023-06-13,1960.5999755859375,1967.5,1940.300048828125,1944.5999755859375,343,1956.7285679408483,1960.8677358203345,41.60627040032552,26.153799203725963,-0.009827409027037048,1
2023-06-14,1946.199951171875,1958.199951171875,1940.300048828125,1955.300048828125,202,1956.1928536551338,1960.1253775547066,47.75045254567929,46.73086313100961,-0.011476213939269453,1
2023-06-15,1941.699951171875,1958.800048828125,1926.0,1957.800048828125,329,1957.2428588867188,1959.8153337244958,54.91640844121646,55.78955934758771,0.002765839144917681,1
2023-06-16,1961.4000244140625,1962.9000244140625,1953.5,1958.4000244140625,119,1958.2642909458705,1959.626625816438,54.79545253588423,56.84214809484649,0.00020430256080827824,0
2023-06-20,1958.5999755859375,1958.5999755859375,1931.300048828125,1935.5,193,1956.6571480887276,1956.4097423742462,42.88425486968365,16.666666666666664,-0.015263291783261246,0
2023-06-21,1935.5999755859375,1936.800048828125,1920.0,1933.300048828125,557,1954.471435546875,1953.3284499014303,40.09068304812052,21.111188616071427,-0.004838576506927761,0
2023-06-22,1920.0,1921.0,1912.0999755859375,1912.699951171875,237,1949.8071463448662,1947.9113167374896,29.707896401925808,0.852237752658583,-0.025921789084802804,1
2023-06-23,1918.699951171875,1932.5,1918.699951171875,1919.0999755859375,105,1947.4285714285713,1944.0698045839495,38.24982253740498,12.131700371711036,-0.021965129272476625,1
2023-06-26,1922.9000244140625,1928.5,1922.5,1923.699951171875,71,1944.9785679408483,1941.3538241290064,37.810944841994214,20.10391830396527,-0.01616125242526789,0
2023-06-27,1927.0,1929.4000244140625,1914.0,1914.0,49,1941.2999965122767,1937.7066475784723,31.980424349798994,3.29293241290601,-0.01573587162918544,0
2023-06-28,1912.300048828125,1912.300048828125,1912.300048828125,1912.300048828125,628,1939.1285749162946,1934.319101078426,37.52057054318261,0.3467469466593608,-0.02199150970500474,0
2023-06-29,1909.9000244140625,1909.9000244140625,1892.5,1909.199951171875,289,1935.2428588867188,1930.969881090886,23.846172806757053,21.604062901702665,-0.02482383105738528,1
2023-06-30,1908.5999755859375,1921.0999755859375,1900.5999755859375,1921.0999755859375,445,1932.3071463448662,1929.6538936902264,32.05243154208223,38.13330078125,-0.01904618482594478,1
2023-07-03,1917.9000244140625,1929.5,1917.9000244140625,1921.699951171875,41,1929.9071393694196,1928.5933680211128,34.47318068178741,38.933268229166664,-0.007129965811482841,0
2023-07-05,1923.5,1933.9000244140625,1914.699951171875,1919.5999755859375,193,1928.1214250837054,1927.394249029756,37.44981150205166,38.49427015329876,-0.007086366780206688,0
2023-07-06,1909.300048828125,1910.199951171875,1903.199951171875,1908.699951171875,81,1924.7928466796875,1924.9016759820388,26.65326910986566,23.01128629813236,-0.0020912846249351302,1
2023-07-07,1913.4000244140625,1934.0999755859375,1913.4000244140625,1926.199951171875,61,1922.5356968470983,1925.0747793406838,36.23689711858892,47.86923222308342,0.0036996382034604203,0
2023-07-10,1923.5999755859375,1926.0999755859375,1912.300048828125,1925.0,269,1920.1499808175224,1925.064808761926,35.528588670734976,49.16794554295454,0.0006758064464955638,1
2023-07-11,1925.0,1937.0,1924.199951171875,1931.300048828125,142,1919.8499843052455,1925.896174104086,47.87451968815252,87.19112096207866,0.009038687997975359,1
2023-07-12,1932.300048828125,1958.0,1932.199951171875,1956.199951171875,132,1921.4856916155134,1929.9366777131245,59.423828125,97.25183385019083,0.022956597407740587,1
2023-07-13,1961.0999755859375,1961.0999755859375,1953.0,1959.199951171875,121,1924.807120186942,1933.8384475076246,72.37730688434914,97.23028412498154,0.026188980347139568,1
2023-07-14,1958.4000244140625,1960.5999755859375,1952.699951171875,1960.0999755859375,94,1927.7356916155134,1937.339984584733,70.83335400921979,98.54227353368769,0.02030086955162491,0
2023-07-17,1954.0,1956.5,1946.5999755859375,1952.4000244140625,29,1929.7856968470983,1939.3479898953103,64.13798411761098,87.31785092113294,0.015975476933048904,1
2023-07-18,1968.800048828125,1978.4000244140625,1963.4000244140625,1977.199951171875,83,1934.2999790736608,1944.394918065519,77.10121379500956,98.60294190790586,0.030006238965676113,1
2023-07-19,1977.0,1977.5,1973.0,1977.5,35,1938.9571184430804,1948.8089289901166,78.29860191285957,98.95224195778557,0.03604550248240135,0
2023-07-20,1973.699951171875,1973.699951171875,1965.5999755859375,1968.300048828125,638,1943.1785539899554,1951.4077449685178,74.3611676904622,87.0180343867775,0.021856556288788687,0
2023-07-21,1961.800048828125,1964.300048828125,1961.800048828125,1964.300048828125,50,1946.2642735072545,1953.1267188164654,69.04768824861056,81.25005072730785,0.020415609780844113,0
2023-07-24,1965.300048828125,1965.5,1960.300048828125,1960.300048828125,2,1949.0214233398438,1954.0831628180201,66.52404203907929,75.93090697179886,0.015015792091755298,1
2023-07-25,1953.0,1962.5,1953.0,1962.0999755859375,19,1952.057137625558,1955.152071187076,68.24038157268805,78.32442426534683,0.0030160640841074837,1
2023-07-26,1966.199951171875,1972.0,1966.199951171875,1968.9000244140625,51,1956.357142857143,1956.985131617341,76.77944436178497,85.62783130282867,0.004951037915443823,0
2023-07-27,1945.4000244140625,1945.4000244140625,1945.4000244140625,1945.4000244140625,194253,1957.7285766601562,1955.440450656904,58.10815408518751,50.07562452561538,-0.007499592548834477,1
2023-07-28,1945.5,1962.199951171875,1944.199951171875,1960.4000244140625,23155,1960.2571498325892,1956.1017271578585,63.38883138300672,66.78971277479859,0.004097520948557198,1
2023-07-31,1959.199951171875,1971.5999755859375,1950.0,1970.5,1025,1963.0571463448662,1958.0214968701441,64.41177262568328,82.90040716461763,-0.0033886057744964004,0
2023-08-01,1964.9000244140625,1965.4000244140625,1940.699951171875,1940.699951171875,688,1961.9500034877233,1955.7119574437083,44.49964132615755,0.0,-0.018609379938369197,0
2023-08-02,1948.4000244140625,1953.5999755859375,1933.199951171875,1937.4000244140625,652,1960.392865862165,1953.270366373089,42.28046985023891,9.29218238139349,-0.01569883841259856,0
2023-08-03,1934.199951171875,1936.5,1928.0,1932.0,773,1958.3857247488838,1950.434317523344,40.35689480241258,7.93650409201772,-0.016443541223447378,1
2023-08-04,1934.9000244140625,1945.0,1920.0,1939.5999755859375,290,1957.471435546875,1948.9897385983566,45.6043744141709,33.561588000326076,-0.010559645322950506,0
2023-08-07,1941.0,1941.0,1929.800048828125,1933.5,376,1954.3500104631696,1946.9244401185756,32.78172387654824,23.47826086956522,-0.014576207095358007,0
2023-08-08,1931.699951171875,1933.199951171875,1923.0,1924.0999755859375,555,1950.5357230050224,1943.8811781808904,30.36762046151594,7.634970789479666,-0.022753846448581028,0
2023-08-09,1925.4000244140625,1928.800048828125,1913.699951171875,1915.4000244140625,451,1946.7571498325892,1940.0836910119801,30.479678202546808,2.9160751600732002,-0.015420992918428578,0
2023-08-10,1921.0999755859375,1927.800048828125,1911.4000244140625,1914.4000244140625,178,1943.192862374442,1936.6592021322579,31.169784759898988,4.950497043923172,-0.023464598769197043,0
2023-08-11,1913.0,1916.5999755859375,1911.800048828125,1912.9000244140625,57,1939.8071463448662,1933.491311769832,31.76920426044572,2.475248521961586,-0.029231147214380915,0
2023-08-14,1909.300048828125,1912.5999755859375,1903.300048828125,1910.5999755859375,46,1936.1285749162946,1930.4391336119793,30.268199233716473,10.625810693153753,-0.01550985538375571,0
2023-08-15,1906.0,1907.699951171875,1895.0,1902.5,73,1931.3857160295759,1926.713915797049,24.810295404763338,9.79112583604645,-0.01801384534648054,0
2023-08-16,1904.5,1904.5,1890.300048828125,1896.0999755859375,22,1927.8642839704241,1922.6320571022343,28.50912388173117,7.133987678845181,-0.018581793174980543,0
2023-08-17,1893.699951171875,1902.4000244140625,1884.0,1884.0999755859375,245,1922.4142804827009,1917.4944462333947,15.845979327815215,0.11412741301442687,-0.028614147607025964,1
2023-08-18,1891.800048828125,1891.800048828125,1886.0999755859375,1886.0999755859375,19,1916.385707310268,1913.3085168137338,9.2663878844008,2.5798218133884396,-0.024515140633081245,1
2023-08-21,1893.5999755859375,1893.5999755859375,1893.300048828125,1893.300048828125,876,1913.0,1910.6407210823193,20.740801022376544,13.362143807998766,-0.016007446155927085,1
2023-08-22,1894.5999755859375,1896.800048828125,1892.800048828125,1896.4000244140625,46,1910.0714285714287,1908.7419615265517,24.628728203361774,20.327908875512296,-0.00991959891292804,1
2023-08-23,1909.5999755859375,1918.5,1909.5999755859375,1918.5,547,1909.107142857143,1910.0430333230115,43.07692307692307,56.557377049180324,0.002141650404122064,0
2023-08-24,1920.0,1920.800048828125,1918.199951171875,1918.199951171875,337,1907.57856968471,1911.1306223695267,38.137468382867404,59.99991433662281,0.0027706240212088673,0
2023-08-25,1919.800048828125,1919.800048828125,1911.0999755859375,1911.0999755859375,195,1905.9785679408483,1911.126536131715,37.71929472327405,55.08130585590727,0.0002616978992928676,1
2023-08-28,1915.5,1921.5,1915.5,1917.9000244140625,99,1905.5357142857142,1912.0296679026947,46.501160080020725,75.66961487948295,0.008094625184789761,1
2023-08-29,1917.9000244140625,1936.5,1916.9000244140625,1936.5,1674,1907.0428553989955,1915.292378849002,60.71063423194322,100.0,0.021306906246638224,1
2023-08-30,1936.0,1946.4000244140625,1934.5999755859375,1944.300048828125,396,1909.1785714285713,1919.1600681795517,64.19751941471264,96.63465582640983,0.03195163421381908,0
2023-08-31,1944.4000244140625,1944.4000244140625,1938.199951171875,1938.199951171875,491,1910.9857090541295,1921.6987192451948,61.51040260889944,86.85886212515723,0.027623125104888402,1
2023-09-01,1950.0,1950.0,1936.5999755859375,1939.800048828125,167,1913.0714285714287,1924.1122298562523,63.36995804683596,84.54552852746212,0.024560290921019856,0
2023-09-05,1934.4000244140625,1934.4000244140625,1924.699951171875,1926.199951171875,113,1914.7642822265625,1924.3905926983355,60.33123817348604,63.93931995738637,0.01571394556748107,0
2023-09-06,1924.0999755859375,1925.300048828125,1916.300048828125,1918.0999755859375,24,1916.3357107979912,1923.5518437500157,59.45014010772354,51.666629675662875,-0.0002085089466054013,0
2023-09-07,1917.5999755859375,1921.5,1917.5,1917.5,41,1918.721426827567,1922.7449312500137,65.90471805925156,49.13929955737589,-0.00036490000505284836,1
2023-09-08,1924.0,1924.699951171875,1918.4000244140625,1918.4000244140625,105,1921.028573172433,1922.1656103385537,65.54375716675753,44.75524027811568,0.0038198152484862913,1
2023-09-11,1923.0,1928.300048828125,1921.800048828125,1923.300048828125,50,1923.17143031529,1922.31686880383,64.76372986026841,53.321723839157286,0.002815592233861297,0
2023-09-12,1920.800048828125,1920.800048828125,1911.300048828125,1911.300048828125,365,1924.2357177734375,1920.8479594737362,56.742070150980034,4.208099541632296,-0.013013142872127514,0
2023-09-13,1910.300048828125,1914.5999755859375,1908.9000244140625,1909.0999755859375,15,1923.5642874581474,1919.2815616220296,44.81237511772449,0.4864994906308752,-0.01810423924198501,1
2023-09-14,1903.0,1910.0,1903.0,1910.0,169,1922.9785766601562,1918.0440200724258,45.50443439689258,14.893617021276595,-0.014549557260500778,1
2023-09-15,1923.5,1927.300048828125,1923.5,1923.699951171875,8,1923.8785749162946,1918.7981442190192,56.44167797289251,44.0424493018617,-0.008299874858739398,1
2023-09-18,1928.199951171875,1931.5,1926.4000244140625,1931.5,19,1924.8500017438616,1920.4917249898167,56.88254982560575,60.63829787234043,0.0027515569320311073,1
2023-09-19,1934.0,1934.0,1932.0,1932.0,6,1924.528573172433,1922.0261616578414,47.21191109336286,61.702127659574465,0.007246767421398959,1
2023-09-20,1945.5999755859375,1945.5999755859375,1929.199951171875,1945.5999755859375,119,1924.6214250837054,1925.1693368482543,50.751399569016,90.6382459275266,0.014654485312092458,0
2023-09-21,1924.0,1924.0,1919.199951171875,1919.199951171875,9,1923.2642822265625,1924.3734187580703,41.10489331449707,34.46798121675532,0.00041697599438728083,1
2023-09-22,1925.4000244140625,1925.4000244140625,1925.4000244140625,1925.4000244140625,1,1922.2357090541295,1924.510299512203,43.53680893193117,52.5822470693079,0.0010918606211325343,0
2023-09-25,1916.5999755859375,1916.5999755859375,1916.5999755859375,1916.5999755859375,114,1921.5499965122767,1923.4555896553675,45.497206473606646,31.92484361523186,0.0027729433487233557,0
2023-09-26,1905.0,1905.0999755859375,1900.4000244140625,1900.4000244140625,161,1920.2857142857142,1920.3815142898602,42.284254127182784,0.0,-0.004557095638328068,0
2023-09-27,1871.5999755859375,1871.5999755859375,1871.5999755859375,1871.5999755859375,12251,1917.0071411132812,1913.8773091293374,33.939839694389136,0.0,-0.020104724824116516,0
2023-09-28,1875.5,1878.199951171875,1856.699951171875,1860.4000244140625,4654,1912.8642839704241,1906.7470045006341,31.07052021647533,4.162060996692157,-0.03290530143188475,0
2023-09-29,1864.300048828125,1872.300048828125,1846.0,1848.0999755859375,1605,1907.4928501674108,1898.9274006453413,26.5878049948428,2.1084097396445496,-0.04317888916078827,0
2023-10-02,1844.0999755859375,1845.9000244140625,1826.699951171875,1830.0,2309,1901.6857038225446,1889.737080559296,25.61489094967223,2.775482044169116,-0.052795031055900665,0
2023-10-03,1825.0,1830.9000244140625,1816.800048828125,1824.5999755859375,310,1895.6499895368304,1881.0521332295148,25.13245228197283,6.05584719972629,-0.062191612622507164,0
2023-10-04,1821.800048828125,1828.199951171875,1816.4000244140625,1818.5,357,1889.1142752511162,1872.7118487989128,23.87208767306646,1.6253687148409968,-0.05246975496762962,0
2023-10-05,1826.300048828125,1826.300048828125,1815.5999755859375,1816.5999755859375,393,1881.4642769949776,1865.2302657038495,17.20763517983488,0.7692307692307693,-0.0565077632951807,1
2023-10-06,1819.0,1831.800048828125,1809.4000244140625,1830.199951171875,390,1874.22855922154,1860.5595570995863,20.047312144653603,15.271611023974904,-0.0450798421760642,1
2023-10-09,1842.5,1861.5,1842.5,1849.5,232,1868.335702078683,1859.084949486308,28.046850536420322,29.441989693031594,-0.026783847484824208,1
2023-10-10,1857.0,1861.4000244140625,1852.800048828125,1861.0,236,1862.2928466796875,1859.3402895548002,27.233612009920662,44.482737574084055,-0.005663590363436999,1
2023-10-11,1869.5,1874.5999755859375,1869.0999755859375,1872.800048828125,65,1858.9785679408483,1861.1349241245769,36.44864211192808,54.655193460398706,0.006665246318714679,0
2023-10-12,1874.699951171875,1881.199951171875,1867.0,1869.300048828125,46,1854.971426827567,1862.2236074183834,33.35313503140138,55.87691389711927,0.011471280516340165,1
2023-10-13,1877.5,1930.0999755859375,1877.5,1927.4000244140625,43,1855.7428588867188,1870.9137963511407,52.479349496530126,97.7630884307233,0.053224057056864726,0
2023-10-16,1910.4000244140625,1921.0999755859375,1910.300048828125,1921.0999755859375,53,1857.221426827567,1877.6052869157804,54.97833972748805,92.54349325528382,0.05288830499354291,1
2023-10-17,1914.300048828125,1925.800048828125,1914.300048828125,1922.699951171875,103,1860.8714250837054,1883.6179088165932,64.13944517815706,93.86907422727539,0.05729994565404173,1
2023-10-18,1935.0,1957.9000244140625,1935.0,1955.300048828125,67,1867.6499982561384,1893.1755274847974,73.478456515896,98.24917468960437,0.07635146708479401,1
2023-10-19,1950.0999755859375,1977.699951171875,1945.699951171875,1968.4000244140625,1945,1876.2428588867188,1903.2054604086993,79.64513602196662,94.47419441174488,0.07551091516186426,1
2023-10-20,1981.0999755859375,1988.5999755859375,1980.4000244140625,1982.5,557,1887.1357160295759,1913.7780656875393,88.33581892610118,96.59599483925815,0.07191132738577988,0
2023-10-23,1976.199951171875,1978.9000244140625,1972.9000244140625,1976.300048828125,127,1897.971435546875,1922.1143301062841,87.98197736718211,93.13619971580498,0.06195596390549429,0
2023-10-24,1970.300048828125,1975.0,1970.300048828125,1975.0,10,1909.1500069754463,1929.1657527587795,90.14876407816001,92.41072584172,0.05457066878860073,1
2023-10-25,1971.199951171875,1985.300048828125,1971.199951171875,1984.0999755859375,97,1921.114292689732,1936.4903158024008,91.43986122285281,97.4888386014771,0.061413322505277534,1
2023-10-26,1988.199951171875,1988.199951171875,1980.4000244140625,1987.199951171875,521,1932.328578404018,1943.2516005183306,90.97075156028205,99.04173535385775,0.03102621458977728,1
2023-10-27,1988.5999755859375,1988.5999755859375,1988.5999755859375,1988.5999755859375,372,1942.2642909458705,1949.298050527345,90.04027545572546,100.0,0.03513612037781244,1
2023-10-30,2004.0999755859375,2004.0999755859375,1992.5,1996.199951171875,157,1951.92143031529,1955.5516372799489,89.81151716532399,94.23776380681367,0.03822749355935762,0
2023-10-31,1996.5,2001.0,1983.699951171875,1985.199951171875,84,1959.949994768415,1959.5047457988726,83.25440897744083,86.21442175077885,0.015291720757471428,0
2023-11-01,1990.5,1990.5,1977.800048828125,1978.800048828125,41,1967.7714233398438,1962.0774528694396,81.84993083388486,80.01585178771332,0.005283491305156929,1
2023-11-02,1989.0999755859375,1990.300048828125,1979.5,1985.5999755859375,39,1971.9285627092634,1965.2137892316393,74.12936229824464,80.27717010081871,0.0015636699046341906,1
2023-11-03,1989.0,1991.5,1989.0,1991.5,12,1976.9571358816963,1968.7186173340874,79.28457758229348,85.96883534223895,0.007691115112246294,0
2023-11-06,1981.5999755859375,1981.5999755859375,1977.4000244140625,1981.5999755859375,130,1981.1642804827009,1970.4361317676673,72.91831920894563,67.43848343040665,0.003341759790348009,0
2023-11-07,1966.5,1966.800048828125,1960.699951171875,1966.800048828125,20,1981.9857090541295,1969.9513207090617,55.19423235544499,36.13028910167575,-0.008719281775457666,0
2023-11-08,1967.800048828125,1967.800048828125,1947.699951171875,1951.5,43,1980.778564453125,1967.4911446145202,42.51547506419786,6.737672310612537,-0.017964951715514266,1
2023-11-09,1951.699951171875,1964.199951171875,1945.300048828125,1964.199951171875,10,1979.4714181082588,1967.0523188221675,41.79368210850378,32.14273109828126,-0.012269951077955255,0
2023-11-10,1959.5999755859375,1959.5999755859375,1932.5999755859375,1932.5999755859375,375,1976.3499843052455,1962.458673057337,34.039392482989044,0.0,-0.03186052356558822,1
2023-11-13,1939.9000244140625,1947.199951171875,1934.0,1945.5,191,1974.2428414481026,1960.1975166496918,40.06732373757717,18.0419921875,-0.01999796098546136,1
2023-11-14,1965.800048828125,1965.800048828125,1961.800048828125,1961.800048828125,2,1972.6499895368304,1960.4111876068164,42.83880820984513,40.83926327578671,-0.00859106508010632,0
2023-11-15,1962.800048828125,1962.800048828125,1960.0,1960.0999755859375,6,1970.7142769949776,1960.3696926706994,41.2184094460157,38.46153846153847,-0.012842465911329981,1
2023-11-16,1965.300048828125,1983.9000244140625,1964.5999755859375,1983.9000244140625,39,1970.3785661969866,1963.5070702364812,48.67007570157635,71.74832003933567,-0.0038162066713218756,0
2023-11-17,1982.5,1984.0,1979.800048828125,1981.5999755859375,32,1969.3357107979912,1965.9194576164089,45.7409645547461,71.63740133099424,0.0,0
2023-11-20,1978.699951171875,1979.4000244140625,1969.699951171875,1977.699951171875,182,1968.7999965122767,1967.490190090471,47.71759045310881,76.57038521561256,0.005541947362796007,1
2023-11-21,1990.699951171875,2005.5,1988.5,1999.300048828125,16,1970.2642822265625,1971.731504588825,55.71029864002296,91.49526873041894,0.0244940040113375,0
2023-11-22,1999.0999755859375,1999.4000244140625,1991.0,1991.4000244140625,6075,1970.6785714285713,1974.3539738988568,51.60576906179071,80.65847618122663,0.013847914631073932,1
2023-11-24,1991.9000244140625,2002.199951171875,1991.5,2002.199951171875,63,1971.4428536551338,1978.0667708685928,52.88408007801961,95.47318556523224,0.03601364817612396,1
2023-11-27,2011.699951171875,2011.800048828125,2011.699951171875,2011.800048828125,228,1973.6000017438616,1982.564541263197,58.15335353334287,100.0,0.03407866812034177,1
2023-11-28,2040.5999755859375,2042.699951171875,2039.699951171875,2039.699951171875,174665,1978.807137625558,1990.1825959176876,68.3811887648694,97.27520375546462,0.03970838026550316,1
2023-11-29,2041.699951171875,2052.10009765625,2036.0,2047.0999755859375,15290,1985.635707310268,1997.7715798734544,75.10500019554303,95.8158017048966,0.04438549108904155,0
2023-11-30,2046.0999755859375,2047.0999755859375,2033.0999755859375,2038.0999755859375,2506,1990.9142804827009,2003.1486993017854,69.79108162482045,88.28442864512307,0.027319900451073797,1
2023-12-01,2038.300048828125,2073.199951171875,2036.0,2071.0,614,2000.7999965122767,2012.1955393948806,86.8084454311054,98.41957475318462,0.045115071414768115,0
2023-12-04,2075.300048828125,2130.199951171875,2021.0,2024.0999755859375,1071,2006.4142804827009,2013.7827975536882,67.70266800173977,37.661571078364574,0.02346160972829492,0
2023-12-05,2035.0999755859375,2037.0,2010.199951171875,2018.5,289,2010.4642769949776,2014.4117578798632,63.41691257859746,34.37133771027012,0.009603336519262706,1
2023-12-06,2019.9000244140625,2035.800048828125,2019.0,2030.5,417,2015.4928501674108,2016.556856829215,65.88446629270734,39.794706599980096,0.01963441554011336,0
2023-12-07,2029.199951171875,2034.9000244140625,2024.0,2029.9000244140625,67,2018.778564453125,2018.335945840528,61.59273337623839,37.50783379575545,0.013834818658333692,0
2023-12-08,2031.699951171875,2033.0999755859375,1995.0,1998.300048828125,449,2019.971426827567,2015.664492905541,53.66712074449464,17.819375486760126,-0.006710408426455539,0
2023-12-11,2004.0999755859375,2004.199951171875,1977.199951171875,1978.0,651,2019.9928588867188,2010.6425605181357,50.06146020239359,0.5229077308006536,-0.03024952328720032,0
2023-12-12,1984.199951171875,1994.199951171875,1977.800048828125,1977.800048828125,95,2018.4571446010045,2006.2635589594677,45.17287725325841,0.3922206903594771,-0.033852731954616355,1
2023-12-13,1978.5,2024.800048828125,1975.0,1982.300048828125,2252,2017.8071463448662,2003.0684242752886,47.92522147169087,4.703641188675773,-0.02737840509603584,1
2023-12-14,2024.699951171875,2040.0999755859375,2024.300048828125,2030.199951171875,236,2019.8071463448662,2006.6859611948335,55.460220488395706,35.56699003773798,-0.019700651293155458,0
2023-12-15,2032.5999755859375,2043.4000244140625,2018.300048828125,2021.0999755859375,261,2020.471426827567,2008.607829780314,51.8171033104982,29.703601861887464,-0.0014821402283410334,1
2023-12-18,2024.300048828125,2032.800048828125,2024.0,2026.300048828125,100,2019.5142909458705,2010.9667923200223,47.12695001083557,33.05416557207106,0.0038642798256749433,1
2023-12-19,2025.199951171875,2042.699951171875,2025.199951171875,2038.4000244140625,498,2018.892865862165,2014.6245565992276,48.17151014225635,40.85054404678944,0.0038906793469897227,0
2023-12-20,2037.0999755859375,2037.0999755859375,2030.300048828125,2034.5,258,2018.6357247488838,2017.2746157193305,49.22680912402463,38.3376409275459,0.0022661094293376927,1
2023-12-21,2035.800048828125,2044.5,2033.0,2039.0999755859375,228,2016.3571515764509,2020.1846637015449,42.20047837264955,41.30154365509463,0.020417317600397,1
2023-12-22,2055.699951171875,2068.699951171875,2052.199951171875,2057.10009765625,202,2018.7143031529017,2025.1067215621724,59.39639141753823,87.62021391628343,0.039989938147750204,1
2023-12-26,2060.0,2060.800048828125,2054.199951171875,2058.199951171875,64,2021.550013950893,2029.5191521767997,61.60139835194236,88.79401763962532,0.04065117825807918,1
2023-12-27,2067.300048828125,2081.89990234375,2064.800048828125,2081.89990234375,586,2025.221435546875,2036.50325219906,64.059069272973,100.0,0.050244590154000734,0
2023-12-28,2081.60009765625,2087.300048828125,2066.5,2073.89990234375,338,2028.3642839704241,2041.4894722183521,61.56675012210251,88.0675506162211,0.021524949375873348,0
2023-12-29,2068.0,2068.89990234375,2062.10009765625,2062.39990234375,47,2032.9428449358259,2044.2775295684053,68.84183089838373,77.8271276422287,0.02043438090975158,1
2024-01-02,2063.5,2073.699951171875,2057.10009765625,2064.39990234375,61,2039.114266531808,2046.9605126051179,78.45850247357552,79.60807076814042,0.018802671172839958,0
2024-01-03,2034.199951171875,2044.0,2034.199951171875,2034.199951171875,54,2043.142830984933,2045.259104414019,65.51154096141553,52.7158730469302,-0.00206047546697552,1
2024-01-04,2041.5999755859375,2044.5,2038.0,2042.300048828125,88,2047.4285452706474,2044.8645636692331,66.18123829665078,34.78260869565217,0.0038338898147578515,1
2024-01-05,2044.5,2048.10009765625,2042.4000244140625,2042.4000244140625,12,2048.299979073661,2044.5359584352104,54.433166935617656,34.92750084918478,0.0016183850069326766,0
2024-01-08,2019.0999755859375,2033.699951171875,2019.0999755859375,2026.5999755859375,10,2048.6928362165177,2042.1444940553074,51.90575126088523,10.99705563858635,-0.014826756415530107,0
2024-01-09,2035.800048828125,2035.800048828125,2026.4000244140625,2026.4000244140625,27,2048.699977329799,2040.0452314364748,50.03588501023094,10.703872416971691,-0.01545035832874575,0
2024-01-10,2029.0,2035.5999755859375,2021.699951171875,2021.699951171875,538,2047.507114955357,2037.5991940678616,43.66941995789084,3.8122768236694444,-0.028915872037893586,0
2024-01-11,2025.0999755859375,2025.0999755859375,2014.300048828125,2014.300048828125,97,2046.0642613002233,2034.4926413692301,42.54063303509929,0.0,-0.02873805695649545,1
2024-01-12,2031.0999755859375,2057.0,2031.0999755859375,2046.699951171875,390,2046.6071166992188,2036.1202826762494,52.32842633101285,44.38342786815068,-0.007612466987626076,0
2024-01-16,2051.699951171875,2054.800048828125,2026.0,2026.0,46,2044.3856811523438,2034.7709116527494,40.626834921452485,16.027330372431507,-0.01860099988386643,0
2024-01-17,2026.5,2026.5,2002.5999755859375,2002.5999755859375,764,2040.4142543247767,2030.481453510508,35.22847341271155,0.0,-0.015534350773990124,1
2024-01-18,2012.800048828125,2018.5999755859375,2009.5,2018.5999755859375,1474,2035.892830984933,2028.8972564538985,32.465382391430055,18.890184373572303,-0.011604599067500665,1
2024-01-19,2023.199951171875,2036.0,2019.5,2026.5,50,2032.507123674665,2028.5776222600455,36.862547671054166,33.61467316563969,-0.007784970732471419,0
2024-01-22,2021.300048828125,2021.300048828125,2019.800048828125,2019.800048828125,12,2029.4642769949776,2027.4072791357894,37.87019104436939,24.191391207157338,-0.003355337432019101,1
2024-01-23,2030.300048828125,2030.300048828125,2022.5,2023.699951171875,15,2026.557137625558,2026.912968740601,38.53520925287365,38.786702420087735,-0.0013324482874343957,0
2024-01-24,2023.199951171875,2033.199951171875,2013.9000244140625,2013.9000244140625,253,2025.107142857143,2025.1779094970625,43.539159306303766,20.772139258827092,-0.0038581030549520445,1
2024-01-25,2012.0999755859375,2022.4000244140625,2012.0999755859375,2016.9000244140625,548,2023.2928553989955,2024.074191485996,41.64470868090664,26.2868426662478,0.0012907588357802258,0
2024-01-26,2021.699951171875,2022.4000244140625,2016.800048828125,2016.800048828125,49,2021.4642857142858,2023.10430579828,41.57893511063853,26.103064098104994,-0.014608835226008754,1
2024-01-29,2025.199951171875,2025.199951171875,2025.199951171875,2025.199951171875,150708,2021.3642839704241,2023.3837251814261,49.5158957890658,41.54405412379809,-0.0003948908332305212,1
2024-01-30,2032.5,2048.5,2028.0999755859375,2031.5,26907,2021.7285679408483,2024.465895157236,51.6921000768713,53.12502103692401,0.014431251755911312,1
2024-01-31,2035.4000244140625,2055.0,2030.0,2048.39990234375,2007,2023.635707310268,2027.657096115438,58.19522627675965,84.1910040503091,0.014762670721405469,1
2024-02-01,2040.199951171875,2064.5,2029.0,2053.0,947,2026.3999895368304,2031.036149966713,62.086210367081044,81.42165514657306,0.013076733283987174,0
2024-02-02,2054.800048828125,2055.89990234375,2027.699951171875,2036.0999755859375,888,2025.6428484235491,2031.711326715943,46.33471809387613,54.119526312156744,0.00807006949389355,0
2024-02-05,2038.9000244140625,2040.800048828125,2013.800048828125,2025.699951171875,412,2025.6214163643974,2030.9098099767339,49.88829141307272,37.31820109054695,0.0009882888018264424,1
2024-02-06,2025.9000244140625,2037.300048828125,2025.9000244140625,2034.5,249,2027.8999895368304,2031.388501979836,63.32500833689415,45.45454545454545,0.01022889683510031,1
2024-02-07,2032.800048828125,2039.5,2032.699951171875,2035.199951171875,71,2029.085702078683,2031.8966952054413,57.950196610787806,44.08390233447716,0.009073293934402482,0
2024-02-08,2028.0,2036.699951171875,2020.300048828125,2032.199951171875,341,2029.4928414481026,2031.9371293342992,52.864304099364254,38.35871416224628,0.007635810179942304,0
2024-02-09,2032.0,2032.0,2020.0,2023.300048828125,62,2029.7428414481026,2030.785518600143,51.72075225296594,21.374175618097148,-0.0009381307473618206,0
2024-02-12,2025.5,2025.5,2011.5999755859375,2018.199951171875,317,2029.3499843052455,2029.1074429430405,47.32749989323286,12.476318601061019,-0.006546910572544973,0
2024-02-13,2025.0999755859375,2025.800048828125,1990.0,1992.9000244140625,198,2027.8499843052455,2024.2797871391767,41.13174944222894,3.8926502202181212,-0.027094259214807237,0
2024-02-14,1990.300048828125,1993.5,1984.800048828125,1990.300048828125,1916,2025.949986049107,2019.74915536437,38.728812244285706,6.900882521419753,-0.030540648403251325,1
2024-02-15,1993.5999755859375,2007.199951171875,1993.5999755859375,2002.0999755859375,286,2024.8999808175224,2017.3959313939124,44.33304062772646,21.706320397241853,-0.01669859064273882,1
2024-02-16,2005.0,2011.5,1996.5,2011.5,32,2023.9214128766741,2016.6098072080574,44.759006775044966,33.50058661177328,-0.007009898560574213,1
2024-02-20,2015.5999755859375,2029.0,2015.5999755859375,2027.5,1326,2023.63569859096,2018.0618329136498,48.57549758467547,53.57588121953983,-0.003440648808060942,0
2024-02-21,2028.199951171875,2028.199951171875,2022.300048828125,2022.300048828125,15,2021.7714233398438,2018.6269283689132,39.86019292238526,47.05147173695286,-0.00633839556468252,0
2024-02-22,2033.199951171875,2033.199951171875,2019.699951171875,2019.699951171875,964,2019.3928484235491,2018.7699980759749,36.858697055474096,49.08575843420036,-0.006150969540567042,1
2024-02-23,2026.0,2038.5999755859375,2014.9000244140625,2038.5999755859375,22,2019.5714198521205,2021.4139950773033,50.97125133973879,96.07129778180804,0.00756186743863041,0
2024-02-26,2034.0999755859375,2035.4000244140625,2024.800048828125,2028.5,143,2019.7714233398438,2022.3587957336629,51.090362522484156,79.89029283511343,0.005103581942980551,1
2024-02-27,2035.9000244140625,2035.9000244140625,2034.0,2034.0,964,2019.7357090541295,2023.9109563025079,49.8001596381016,89.94514641755671,0.020623199900868805,0
2024-02-28,2029.5,2037.0,2024.800048828125,2033.0,581,2019.57856968471,2025.1228287955068,49.12282580338683,89.5911092757681,0.021454027093561256,1
2024-02-29,2034.300048828125,2049.800048828125,2034.300048828125,2045.699951171875,706,2020.5428553989955,2027.8664451123561,54.99630445507429,93.69215745192308,0.021777122080618216,1
2024-03-01,2043.0999755859375,2086.89990234375,2041.800048828125,2086.89990234375,1210,2025.085702078683,2035.7375727432086,68.99638309974185,100.0,0.03748441578113337,1
2024-03-04,2083.60009765625,2119.800048828125,2080.699951171875,2117.699951171875,805,2032.1928449358259,2046.6658898670307,75.7638724702473,98.44437210648148,0.04448826198366218,1
2024-03-05,2114.89990234375,2133.5,2111.39990234375,2133.5,1287,2042.2357003348213,2058.243771218093,88.28975879142396,100.0,0.05498687063589447,1
2024-03-06,2125.5,2150.300048828125,2125.5,2150.300048828125,443,2053.6642717633927,2070.5179415660973,90.44488384808977,100.0,0.06466311868774022,1
2024-03-07,2147.0,2163.0,2147.0,2158.0,152,2064.7999877929688,2082.182216023951,90.24263434819078,96.996996996997,0.058569619270079976,1
2024-03-08,2167.300048828125,2194.89990234375,2166.300048828125,2178.60009765625,259,2076.7357090541295,2095.037933574924,90.77598296616945,90.94454681026666,0.07399561136615729,1
2024-03-11,2181.0,2184.0,2177.199951171875,2182.5,738,2087.807137625558,2106.699542431601,90.19708525545485,93.11116069279018,0.07300884955752207,0
2024-03-12,2182.5,2182.699951171875,2160.39990234375,2160.39990234375,550,2097.671412876674,2113.8595904198874,82.92792677418004,80.8333203350968,0.06266596278590764,1
2024-03-13,2162.5,2175.39990234375,2162.5,2175.39990234375,20,2108.7928379603795,2122.064965343069,85.05175207371043,89.16665931983732,0.06340125837984045,0
2024-03-14,2163.0,2163.0,2162.300048828125,2163.0,515,2117.678553989955,2127.522969963993,78.84973063563197,81.24636695185646,0.03646561944383797,0
2024-03-15,2161.699951171875,2161.699951171875,2157.300048828125,2157.300048828125,100,2126.8785574776784,2131.4932471458774,80.49244285177586,77.89542275404067,0.0186995790571447,1
2024-03-18,2146.199951171875,2160.699951171875,2146.199951171875,2160.699951171875,21,2135.928553989955,2135.387474349344,80.29651839579299,79.89419128527734,0.0127489810976682,0
2024-03-19,2156.10009765625,2156.300048828125,2156.10009765625,2156.300048828125,12,2144.7357003348216,2138.1758176131816,79.01180952643557,75.96520004803767,0.0027903082657092515,1
2024-03-20,2157.300048828125,2185.89990234375,2150.89990234375,2157.89990234375,17,2152.749982561384,2140.8056955772577,77.85505004648863,75.83276590383944,-4.638445609361774e-05,1
2024-03-21,2207.0,2211.60009765625,2182.39990234375,2182.39990234375,63,2159.5714111328125,2146.3515898127903,75.85277517084583,77.69277109557284,0.0017441496911654308,0
2024-03-22,2179.199951171875,2179.60009765625,2157.5,2158.10009765625,19,2162.4571358816966,2147.9180575252517,61.33565326994609,46.60689050241216,-0.011179794888316108,1
2024-03-25,2166.199951171875,2179.39990234375,2166.199951171875,2174.800048828125,79,2165.40713936942,2151.502323032302,61.52992607597422,57.258992928152985,0.006665500432930349,1
2024-03-26,2182.699951171875,2182.699951171875,2175.60009765625,2175.60009765625,202373,2167.214285714286,2154.7153596488283,57.75602308193188,44.954251733058584,9.202690148346626e-05,1
2024-03-27,2179.39990234375,2196.199951171875,2172.10009765625,2190.60009765625,31200,2169.5428641183034,2159.4999913831516,59.565789247459726,67.8899801776175,0.012760100627022597,1
2024-03-28,2193.60009765625,2234.10009765625,2187.10009765625,2217.39990234375,2040,2172.314278738839,2167.2199795112315,60.98527683693924,81.00094711961759,0.027858829163922794,1
2024-04-01,2235.699951171875,2264.199951171875,2230.0,2236.5,400,2176.1714215959823,2176.4573155764006,64.07721388475198,76.5254651085805,0.03508124706857796,1
2024-04-02,2252.0,2279.199951171875,2247.60009765625,2261.0,435,2183.3571428571427,2187.729673499547,75.9012621945087,86.31582618656014,0.04855537207299876,1
2024-04-03,2281.699951171875,2298.800048828125,2267.89990234375,2294.39990234375,285,2191.8571428571427,2201.952370678774,77.9869454275694,97.11655067594592,0.06325594614084928,0
2024-04-04,2301.699951171875,2302.89990234375,2280.0,2288.800048828125,251,2200.84286063058,2213.5320610986873,80.56380367588703,91.00200516325644,0.04875373499151481,1
2024-04-05,2289.199951171875,2328.39990234375,2267.39990234375,2325.699951171875,344,2212.871425083705,2228.4877797751124,85.52755194963059,98.5181383669373,0.07766083403529,1
2024-04-08,2325.60009765625,2341.800048828125,2319.0,2331.699951171875,202,2225.085710797991,2242.249402628014,85.68460502263098,94.70922477417969,0.07214451849414583,1
2024-04-09,2337.800048828125,2364.699951171875,2337.800048828125,2343.5,211,2238.4571358816966,2255.749482277612,87.89483932632803,90.08421593536784,0.07717406453724052,0
2024-04-10,2346.60009765625,2358.10009765625,2327.699951171875,2329.60009765625,377,2250.721435546875,2265.5962309947636,83.1084936304833,83.05991226488793,0.0634529324401647,1
2024-04-11,2341.5,2376.300048828125,2330.60009765625,2354.800048828125,283,2263.03573172433,2277.4900733725453,83.15396771888442,90.17367678153994,0.06196453167475369,1
2024-04-12,2377.300048828125,2429.0,2334.300048828125,2356.199951171875,584,2277.185721261161,2287.9847237457893,91.7757030517145,72.29831228998847,0.053521104928180296,1
2024-04-15,2362.10009765625,2384.699951171875,2326.0,2365.800048828125,1801,2290.8285784040177,2298.3601004234342,91.52182727969446,75.39899758805316,0.04635119364357587,1
2024-04-16,2384.0,2390.800048828125,2371.39990234375,2390.800048828125,41,2306.2000034877233,2310.685426877393,92.32895473592515,85.13041428845668,0.04201540733413611,0
2024-04-17,2384.199951171875,2391.39990234375,2369.300048828125,2371.699951171875,37,2319.1357073102677,2318.8206967833244,85.05616756222855,76.3124960891058,0.03621980975847805,1
2024-04-18,2368.39990234375,2384.39990234375,2368.39990234375,2382.300048828125,128,2330.914289202009,2327.284610389298,84.05622599307613,76.53268785332915,0.024336801326297675,1
2024-04-19,2379.300048828125,2399.800048828125,2377.300048828125,2398.39990234375,160,2342.4785679408483,2336.7666493165584,83.85616203367124,83.1311388479894,0.02860571796056033,0
2024-04-22,2383.300048828125,2383.300048828125,2326.89990234375,2332.199951171875,53,2347.564278738839,2336.1577562306006,62.6780738248323,40.09901588423874,-0.0048218684993065475,0
2024-04-23,2327.699951171875,2330.800048828125,2294.199951171875,2327.699951171875,171,2349.942853655134,2335.0300488894372,56.60978444069041,37.31436410168088,-0.0008156535047739721,0
2024-04-24,2321.300048828125,2328.699951171875,2314.60009765625,2324.5,95,2352.492850167411,2333.6260423708454,57.15430583266713,35.334197493934255,-0.012867355274263748,1
2024-04-25,2315.0,2329.800048828125,2305.0,2329.800048828125,1024,2352.785714285714,2333.1159098984826,50.94082136158599,26.40955842801024,-0.011204440578406638,1
2024-04-26,2347.89990234375,2347.89990234375,2332.800048828125,2334.800048828125,717,2353.007149832589,2333.3404617557685,50.714637863537824,30.118755897497195,-0.013103389703350232,1
2024-04-29,2334.800048828125,2345.5,2327.89990234375,2345.39990234375,405,2353.1428571428573,2334.9483871674993,50.440404479426284,37.98214586491494,-0.01898952047730984,0
2024-04-30,2322.5,2322.5,2291.39990234375,2291.39990234375,113,2350.4142717633927,2329.1419225243326,42.53318520724291,0.0,-0.03385759180390768,1
2024-05-01,2287.699951171875,2327.300048828125,2283.800048828125,2299.89990234375,42,2346.492832728795,2325.242986500255,38.519410263714924,11.088057114129054,-0.034588483732310826,0
2024-05-02,2321.699951171875,2324.699951171875,2292.300048828125,2299.199951171875,56,2342.421404157366,2321.7705817898045,38.045297116394906,13.275777882543101,-0.041360888596991496,0
2024-05-03,2300.0,2301.0,2277.60009765625,2299.0,194,2337.649972098214,2318.7345042178304,35.414820950912755,17.512202041431998,-0.0142354651689246,1
2024-05-06,2322.800048828125,2325.5,2314.199951171875,2321.60009765625,9,2332.70711844308,2319.116583342953,34.73080408079271,36.00656103218382,-0.002620549745921519,0
2024-05-07,2324.300048828125,2324.300048828125,2315.199951171875,2315.199951171875,25,2328.671404157366,2318.594365720143,36.79288784592312,30.769123191170976,-0.004000881405947565,0
2024-05-08,2313.60009765625,2313.60009765625,2313.60009765625,2313.60009765625,4,2323.7642647879466,2317.928463311624,33.23570869411357,29.45991357178676,-0.006953365452980975,1
2024-05-09,2310.699951171875,2339.5,2310.699951171875,2332.10009765625,5,2319.028564453125,2319.8180145575743,34.0087151101166,51.56104557832714,-0.0011563950297286407,1
2024-05-10,2367.300048828125,2367.300048828125,2367.300048828125,2367.300048828125,126,2321.535714285714,2326.1489524603144,59.95466152627527,100.0,0.009337489296597168,0
2024-05-13,2358.300048828125,2358.300048828125,2336.10009765625,2336.10009765625,14,2322.135724748884,2327.4757718197725,52.06900408545172,65.2174268054032,0.019507810603805353,1
2024-05-14,2336.0,2358.0,2336.0,2353.39990234375,6,2324.2000034877233,2330.932322556303,56.655908416175606,84.50373015505795,0.023261881939070417,1
2024-05-15,2361.60009765625,2388.699951171875,2356.0,2388.699951171875,29,2328.40713936942,2338.6346730383793,61.91825080030036,100.0,0.03892658398604398,0
2024-05-16,2389.5,2392.199951171875,2380.0,2380.0,7,2331.6357073102677,2344.1500499665954,59.01117032926919,89.3543047415749,0.03523270987385829,1
2024-05-17,2380.699951171875,2415.800048828125,2380.699951171875,2412.199951171875,213,2336.40713936942,2353.2233701272994,62.26140467076376,97.39500801141914,0.03902474573768733,1
2024-05-20,2415.800048828125,2435.800048828125,2409.699951171875,2433.89990234375,40,2346.585710797991,2363.980241089493,79.67518363960271,98.79889565685731,0.05126984868490214,0
2024-05-21,2429.5,2429.5,2421.0,2421.699951171875,6,2355.285714285714,2371.676202433811,74.97954642635762,91.0871668721749,0.04672365532190881,0
2024-05-22,2417.5,2417.60009765625,2375.800048828125,2389.199951171875,180,2361.714285714286,2374.0127022655524,66.32803475376842,70.54354485506654,0.02448430647252664,0
2024-05-23,2371.199951171875,2371.199951171875,2335.0,2335.0,365,2364.285714285714,2368.811008630146,55.46117152084382,19.424484299681897,-0.01364425639416278,0
2024-05-24,2342.60009765625,2345.39990234375,2332.5,2332.5,25,2365.064278738839,2363.969540812793,51.76089168658447,17.426084580706856,-0.0015410716603547758,1
2024-05-28,2336.89990234375,2359.699951171875,2336.89990234375,2355.199951171875,26,2367.9214215959823,2362.800262194004,56.13874830082864,35.571514997755706,0.0007648716337296246,0
2024-05-29,2340.300048828125,2340.300048828125,2340.300048828125,2340.300048828125,119317,2369.8285609654017,2359.8002337452203,53.93689194219234,23.661130735153492,-0.020262026764812147,1
2024-05-30,2336.89990234375,2349.5,2320.800048828125,2342.89990234375,32587,2370.5999755859375,2357.5468562250244,51.67076590241603,19.217263926630434,-0.015588276326155448,0
2024-05-31,2344.10009765625,2354.0,2319.0,2322.89990234375,941,2367.428536551339,2352.927262374188,42.79216687209934,3.338956090240023,-0.03702016857464163,1
2024-06-03,2322.60009765625,2347.5,2312.0,2346.60009765625,781,2368.178536551339,2352.0836404117963,51.74709102519731,27.94837157478529,-0.03586828061558067,0
2024-06-04,2347.5,2347.699951171875,2313.89990234375,2325.5,890,2366.1856863839284,2348.5391550235568,45.415721286380425,10.904680674837552,-0.039724141351748954,1
2024-06-05,2326.39990234375,2354.300048828125,2326.199951171875,2354.10009765625,295,2363.71426827567,2349.2806140412495,44.18684970659631,34.0065275052506,-0.014691048984162625,1
2024-06-06,2355.0,2375.800048828125,2355.0,2370.300048828125,179,2363.021414620536,2352.0832053461663,48.41036449868728,47.09210487393632,0.015117793930674583,0
2024-06-07,2379.89990234375,2385.10009765625,2285.39990234375,2305.199951171875,269,2355.3785574776784,2345.8321047895943,34.1715976331361,13.164913260361763,-0.011704200998124303,1
2024-06-10,2290.60009765625,2309.300048828125,2290.5,2307.699951171875,69,2346.364275251116,2340.7478176405652,30.207037038455212,15.475387727579232,-0.020168139005083408,0
2024-06-11,2300.0,2314.10009765625,2300.0,2307.5,871,2338.2071358816966,2336.3147752884897,31.388537647226414,16.717144482282286,-0.014015317755750711,1
2024-06-12,2314.89990234375,2338.699951171875,2310.300048828125,2336.0,132,2334.40713936942,2336.2728052500242,41.21533312531395,50.7522552966413,-0.002945026518993643,0
2024-06-13,2309.39990234375,2317.699951171875,2296.199951171875,2300.199951171875,298,2331.9214215959823,2331.463091372938,43.8818511069162,14.844553495342483,-0.00977224681484179,1
2024-06-14,2307.0,2331.39990234375,2305.800048828125,2331.39990234375,948,2331.842843191964,2331.454666169046,49.824321732173686,46.13832486066626,-0.006477539708483637,0
2024-06-17,2320.199951171875,2320.199951171875,2309.60009765625,2312.39990234375,110,2328.7856968470983,2328.91403099234,43.08338258490669,27.081190679086713,-0.005633239155557912,1
2024-06-18,2311.800048828125,2330.39990234375,2311.800048828125,2330.39990234375,43,2328.078543526786,2329.1121471725282,48.415977800017345,45.13531779847786,-0.010067624285006405,1
2024-06-20,2328.89990234375,2354.0,2328.300048828125,2353.800048828125,183,2328.8571254185267,2332.4038673932746,51.635182856125745,68.60582997854897,-0.0069611440155677995,0
2024-06-21,2331.199951171875,2331.199951171875,2316.39990234375,2316.39990234375,76,2328.392839704241,2330.2700053866715,49.07328381379354,31.093218927840304,0.004858559521563999,1
2024-06-24,2323.300048828125,2332.89990234375,2322.699951171875,2330.0,99,2327.20711844308,2330.2340046684485,47.56311375528635,44.73421292351092,0.00966332248557733,0
2024-06-25,2324.39990234375,2333.0,2316.60009765625,2316.60009765625,105,2326.5714111328125,2328.4161504001554,48.66327847692804,31.294016240094813,0.003943704293066119,0
2024-06-26,2307.89990234375,2314.39990234375,2298.0,2299.199951171875,986,2322.649972098214,2324.520657169718,41.46719435980526,13.841546433154084,-0.015753445559985035,1
2024-06-27,2296.800048828125,2329.0,2295.0,2324.5,1532,2319.3785400390625,2324.5179028804223,43.077392009647525,39.21767408147473,0.010564320208660494,1
2024-06-28,2325.39990234375,2338.300048828125,2319.0,2327.699951171875,92,2320.985682896205,2324.9421759859497,54.183705339308666,58.582600270669296,-0.001587008375592447,0
2024-07-01,2323.800048828125,2329.699951171875,2321.699951171875,2327.60009765625,237,2322.4071219308034,2325.29656554199,53.73360755232072,55.254402807203384,0.00657334196264836,0
2024-07-02,2330.699951171875,2334.60009765625,2323.0,2323.0,30,2323.5142647879466,2324.9903568030577,52.860830131001215,47.45762711864407,-0.0031753787563704172,1
2024-07-03,2330.89990234375,2361.60009765625,2330.89990234375,2359.800048828125,59,2325.21426827567,2329.6316490730665,54.26217968616786,97.29722794489615,0.0025490695367209604,1
2024-07-05,2354.89990234375,2388.5,2354.89990234375,2388.5,72,2331.521414620536,2337.480762529991,66.2256409244134,100.0,0.031125928464812436,0
2024-07-08,2381.699951171875,2383.800048828125,2352.800048828125,2355.199951171875,64,2333.221418108259,2339.8433210155754,54.33989983305509,64.38497451537432,0.010815429687500044,1
2024-07-09,2363.10009765625,2363.699951171875,2360.10009765625,2360.10009765625,9,2336.628574916295,2342.5442245676654,59.16956706202153,69.62577289438502,0.01877751798595262,1
2024-07-10,2366.300048828125,2377.0,2365.800048828125,2372.199951171875,19,2339.6142926897323,2346.4983214482268,58.2218679318674,82.56679269719251,0.031750174647834584,1
2024-07-11,2378.699951171875,2416.699951171875,2378.699951171875,2415.0,72,2343.9857177734375,2355.631878588463,61.18418763111612,98.60316199348824,0.038933103893310284,0
2024-07-12,2399.800048828125,2414.0,2391.300048828125,2414.0,355,2350.9571533203125,2363.414294776668,70.57335946280872,97.78146897687584,0.03707524622521796,1
2024-07-15,2430.0,2436.0,2422.89990234375,2422.89990234375,540,2357.59286063058,2371.3457091189457,69.97847362231182,90.70915059840425,0.04094337544643567,1
2024-07-16,2427.39990234375,2462.39990234375,2427.39990234375,2462.39990234375,93,2368.0071323939733,2383.4862682155863,78.19020681138869,100.0,0.060008567517757294,0
2024-07-17,2472.89990234375,2473.10009765625,2454.800048828125,2454.800048828125,10,2379.121425083705,2392.994772297258,81.27014063610065,89.72485188444657,0.04025764812030452,0
2024-07-18,2466.0,2466.0,2451.800048828125,2451.800048828125,2,2388.214285714286,2400.835475834707,78.10158632293641,86.1777836924939,0.026502009138842375,0
2024-07-19,2418.800048828125,2419.199951171875,2395.5,2395.5,15,2393.057146344866,2400.1240790567463,62.124478603193566,48.74503132382465,0.017111094456363718,0
2024-07-22,2402.10009765625,2402.10009765625,2392.0,2392.0,18,2397.65713936942,2399.040868515847,61.3780746190371,45.96932385615068,0.013516334487434944,1
2024-07-23,2395.800048828125,2404.60009765625,2388.699951171875,2404.60009765625,41,2403.4857177734375,2399.7820990679,64.02063533612542,51.82847685302823,0.013658269602597972,1
2024-07-24,2421.0,2421.0,2411.60009765625,2413.300048828125,6,2407.307146344866,2401.5844923692634,60.17497525161631,50.29091890597444,-0.000703913528726674,0
2024-07-25,2365.5,2365.5,2351.89990234375,2351.89990234375,31,2404.692853655134,2394.959880365862,43.8091871507411,0.0,-0.025724978316590708,1
2024-07-26,2368.699951171875,2386.89990234375,2368.699951171875,2380.0,95,2406.464285714286,2392.9652296504137,54.26997870496243,23.184861694155945,-0.017706015135933395,0
2024-07-29,2377.300048828125,2377.300048828125,2377.300048828125,2377.300048828125,126409,2407.692853655134,2390.876538874109,52.98403089624699,20.95718279899121,-0.034559720959469575,1
2024-07-30,2380.89990234375,2409.300048828125,2373.800048828125,2405.0,25944,2410.035714285714,2392.759667024228,55.39829551618698,43.81189116018983,-0.02028680456149523,1
2024-07-31,2407.10009765625,2447.60009765625,2402.800048828125,2426.5,1313,2410.8571428571427,2397.2583780876644,52.0353982300885,61.55113650097898,-0.010318969053050409,1
2024-08-01,2446.699951171875,2455.10009765625,2430.39990234375,2435.0,690,2412.3571428571427,2402.290594342642,53.62068965517242,68.5643265194305,0.01648925067835516,0
2024-08-02,2444.0,2477.0,2416.0,2425.699951171875,550,2412.557146344866,2405.411841919873,50.48210182777502,58.99279873538767,0.01408860834944603,0
2024-08-05,2442.0,2449.800048828125,2367.39990234375,2401.699951171875,334,2408.221435546875,2404.9169231534734,38.95963644469628,39.8081614332273,-0.0012060826609804343,0
2024-08-06,2414.5,2421.800048828125,2380.0,2389.10009765625,163,2403.528581891741,2402.8080130871767,38.263680459427235,29.73634394332663,-0.010027742378584947,1
2024-08-07,2392.199951171875,2401.0,2384.5,2390.5,130,2399.1500069754466,2401.166944675553,38.98669815433931,30.85536972346363,0.016412304629879637,1
2024-08-08,2384.300048828125,2422.800048828125,2384.300048828125,2422.199951171875,201,2401.057146344866,2403.9713455417295,55.262112004465166,56.19503912882262,0.0177310719209558,1
2024-08-09,2422.300048828125,2432.10009765625,2418.5,2432.10009765625,611,2403.9214390345983,2407.7218458236657,57.70858950411594,64.10881910969731,0.023051380853308157,1
2024-08-12,2432.699951171875,2469.800048828125,2432.0,2462.39990234375,566,2408.0499965122767,2415.012253359677,60.40313990726517,88.32926757869674,0.02386690326143448,1
2024-08-13,2461.0,2470.0,2456.5,2466.699951171875,510,2411.864275251116,2421.903946401303,59.765896382181126,91.76655412657833,0.016567051791417597,0
2024-08-14,2468.0,2472.10009765625,2439.39990234375,2439.39990234375,274,2418.114275251116,2424.2367405269624,68.28250551943944,65.69337212255135,0.0018069414142709572,1
2024-08-15,2451.800048828125,2467.699951171875,2431.199951171875,2453.10009765625,285,2423.335710797991,2428.0851881442004,66.25169617559894,78.19353918943602,0.011295769071165473,1
2024-08-16,2453.5,2508.0,2451.39990234375,2498.60009765625,197,2432.0,2437.4871760791407,72.6559714144746,93.3144410989446,0.04034648309714717,1
2024-08-19,2508.5,2508.5,2487.199951171875,2501.800048828125,88,2438.914289202009,2446.0622257790055,69.90132982381114,95.25163250545899,0.047172553080733426,1
2024-08-20,2503.5,2527.300048828125,2500.699951171875,2511.300048828125,187,2444.971435546875,2454.7606021855545,68.33911477885312,89.99375525802694,0.050533381647406506,0
2024-08-21,2511.0,2515.39990234375,2503.89990234375,2508.39990234375,96,2450.214285714286,2461.912508873314,66.26770181092529,88.18003178863762,0.03558746301277527,0
2024-08-22,2504.10009765625,2504.10009765625,2471.10009765625,2478.89990234375,210,2454.0142822265625,2464.177494669372,60.82179426438498,69.73101804562478,0.019242548747315125,1
2024-08-23,2486.5,2508.39990234375,2486.5,2508.39990234375,94,2461.6357073102677,2470.0738156926227,71.22959220848614,87.16894757690923,0.018680962404285628,1
2024-08-26,2509.89990234375,2523.10009765625,2509.10009765625,2517.699951171875,290,2470.8214111328125,2476.4239670898564,75.92736429781583,93.28664499562937,0.020675396687696468,0
2024-08-27,2515.199951171875,2523.10009765625,2506.89990234375,2516.0,100,2479.7856968470983,2481.7007714778756,75.2718187521017,92.09786795236013,0.0314012055106887,0
2024-08-28,2501.0,2501.0,2501.0,2501.0,2353,2485.4142717633927,2484.2740019474923,67.01207524495723,75.8271718520347,0.01952627305731003,1
2024-08-29,2504.10009765625,2525.699951171875,2503.89990234375,2525.699951171875,3966,2492.0999755859375,2489.7974618440767,68.99346547701026,98.33496771046629,0.010846014750838018,0
2024-08-30,2519.5,2525.39990234375,2493.800048828125,2493.800048828125,208,2494.342843191964,2490.3311401086166,56.33066846227982,65.14051409205692,-0.0031976975952763276,0
2024-09-03,2501.60009765625,2501.800048828125,2476.300048828125,2489.89990234375,206,2495.999982561384,2490.273641739968,54.68495943977889,61.08209315441562,-0.008521541061714655,1
2024-09-04,2490.89990234375,2493.39990234375,2483.5,2493.39990234375,470,2499.8571254185267,2490.690476487139,62.064327370550004,64.72412899554399,-0.005979907743571711,1
2024-09-05,2493.699951171875,2513.300048828125,2493.39990234375,2511.39990234375,54,2504.02139718192,2493.4517332680207,62.779434398874876,79.05123083306796,0.013110654435571245,0
2024-09-06,2510.300048828125,2517.89990234375,2483.699951171875,2493.5,96,2503.6571044921875,2493.4581688322846,48.72815519794265,39.85751210929864,-0.005940002760256857,1
2024-09-09,2491.300048828125,2504.699951171875,2491.300048828125,2501.800048828125,96,2503.6571044921875,2494.570419498397,50.0,54.62629509763461,-0.006315249097236242,1
2024-09-10,2512.300048828125,2512.300048828125,2512.300048828125,2512.300048828125,5,2503.728533063616,2496.934370075694,50.24201343836339,75.45798847259671,-0.0014705688282492524,0
2024-09-11,2525.800048828125,2525.800048828125,2502.300048828125,2512.10009765625,90,2503.992832728795,2498.9564670864347,50.90735583243731,74.95436306912265,0.004438263756997296,1
2024-09-12,2529.10009765625,2557.0,2523.39990234375,2551.199951171875,132,2509.1571219308034,2505.9222649644935,66.93211510643286,92.81282238229359,0.010096211146604528,1
2024-09-13,2568.800048828125,2581.800048828125,2565.0,2581.300048828125,31,2514.364275251116,2515.9726361463113,67.02480064496044,99.52606635071089,0.03508701511218493,0
2024-09-16,2580.39990234375,2580.39990234375,2580.39990234375,2580.39990234375,28,2518.842843191964,2524.56293830597,65.24063346021053,98.6728469342417,0.03634684266416177,0
2024-09-17,2581.199951171875,2581.800048828125,2564.300048828125,2564.300048828125,22,2522.2928466796875,2529.861219708924,60.97230371956975,83.41232227488152,0.028435128443588198,1
2024-09-18,2570.699951171875,2570.699951171875,2549.199951171875,2570.699951171875,25,2527.271414620536,2535.3063839039846,66.47754884838216,89.47858042061611,0.02361234814606128,1
2024-09-19,2566.0,2588.0,2566.0,2588.0,99,2531.721418108259,2542.3321993834534,65.26214932421684,100.0,0.03789853619410466,1
2024-09-20,2590.39990234375,2621.800048828125,2590.39990234375,2619.89990234375,17,2540.7285505022323,2552.6745597781596,80.89170603103136,98.69405739905498,0.04720595219867563,1
2024-09-23,2626.5,2626.5,2626.5,2626.5,9,2550.4857003348216,2562.5179518077384,83.0271341074692,100.0,0.04545633441560626,1
2024-09-24,2636.800048828125,2662.300048828125,2625.5,2651.199951171875,35,2561.7571323939733,2574.342218389623,84.60531092091442,93.78494312045996,0.05537193905824167,1
2024-09-25,2656.300048828125,2664.199951171875,2649.300048828125,2659.199951171875,175,2572.314278738839,2585.65658276059,83.8991317319333,97.22991689750693,0.042333020565632706,1
2024-09-26,2662.300048828125,2669.89990234375,2660.800048828125,2669.89990234375,17216,2584.9142717633927,2596.889025371678,91.84062281396652,100.0,0.03432373294063518,0
2024-09-27,2670.0,2672.10009765625,2641.699951171875,2644.300048828125,4228,2595.092843191964,2603.210495165871,81.2363533612474,83.62777336049841,0.024763660247520303,0
2024-09-30,2660.89990234375,2662.10009765625,2623.199951171875,2636.10009765625,973,2603.935703822545,2607.5957754979217,77.41370455466955,78.79859266916942,0.027999862520354135,1
2024-10-01,2631.39990234375,2670.89990234375,2631.39990234375,2667.300048828125,153,2615.021414620536,2615.556345275282,80.21811074001926,96.77199561302695,0.03757735227412051,0
2024-10-02,2650.60009765625,2657.199951171875,2640.0,2647.10009765625,72,2621.871425083705,2619.762178926078,70.1555872775767,79.6582829922189,0.022836204658519987,1
2024-10-03,2642.800048828125,2657.10009765625,2640.0,2657.10009765625,354,2627.285714285714,2624.740568090101,67.40133190301162,87.79496979533134,0.01419909030845834,0
2024-10-04,2656.0,2667.0,2639.0,2645.800048828125,114,2631.9571533203125,2627.548498855171,64.32960131806291,78.60047397789825,0.007348200581810405,0
2024-10-07,2648.699951171875,2657.39990234375,2639.0,2644.800048828125,284,2637.7071533203125,2629.848705518232,68.88788070426278,77.78680529758701,-0.002413964416724257,0
2024-10-08,2639.0,2639.0,2609.300048828125,2615.0,687,2640.8714425223216,2627.8688781158007,59.36577051996329,46.18280386390726,-0.01662152225611946,0
2024-10-09,2603.0,2607.699951171875,2603.0,2606.0,152,2642.157156808036,2624.953027700361,53.9439139151776,19.094321129319518,-0.023933444953369243,1
2024-10-10,2602.5,2628.300048828125,2602.5,2620.60009765625,320,2642.2071707589284,2624.3726370278127,50.1660018105079,26.00585094814825,-0.008962655800871855,1
2024-10-11,2638.300048828125,2658.10009765625,2638.199951171875,2657.60009765625,12,2644.4286063058034,2628.8029651116044,56.444285708504154,79.16669589802233,0.008155987710449786,0
2024-10-14,2655.0,2655.300048828125,2647.800048828125,2647.800048828125,40,2644.1857561383927,2631.335909607141,49.24913785108709,65.08618572901833,-0.007310763559790434,1
2024-10-15,2661.39990234375,2661.39990234375,2661.39990234375,2661.39990234375,39,2644.3428955078125,2635.3444419720217,50.47412790667083,84.6261777313194,0.005402064206095236,1
2024-10-16,2674.0,2674.0,2674.0,2674.0,6,2644.635759626116,2640.4985163757524,50.876464165902966,100.0,0.006360280652827788,1
2024-10-17,2677.39990234375,2691.699951171875,2677.199951171875,2691.0,30,2647.9714704241073,2647.2320475256524,60.36394608318551,99.2153009472771,0.01708366102415604,1
2024-10-18,2713.699951171875,2719.60009765625,2713.699951171875,2713.699951171875,29,2653.514317103795,2656.0944346784822,66.18011628747502,94.96145041510127,0.02605108177243065,1
2024-10-21,2721.89990234375,2738.39990234375,2719.5,2723.10009765625,52,2657.5000348772323,2665.028523075518,62.798162003921924,88.74185748213407,0.041338469467017136,1
2024-10-22,2731.699951171875,2746.0,2728.60009765625,2744.199951171875,93,2664.4357386997767,2675.5847134883657,72.17902890315241,98.74561057273519,0.05303144711123364,0
2024-10-23,2742.5,2742.5,2714.199951171875,2714.39990234375,18,2668.528581891741,2680.7600720024166,62.00246288288215,77.97902602351915,0.035793253908290135,1
2024-10-24,2729.0,2736.10009765625,2729.0,2734.89990234375,27,2674.8928571428573,2687.9787160479277,67.97091586657068,92.26474030923345,0.029086319177844322,1
2024-10-25,2725.5,2742.39990234375,2725.5,2740.89990234375,29,2681.7571323939733,2695.0348742207043,68.9995646209644,96.44592497822299,0.03516120998518346,1
2024-10-28,2736.10009765625,2742.89990234375,2729.5,2742.89990234375,56,2690.892839704241,2701.4168779704437,78.40956171841954,97.8396532012195,0.03062298150992926,1
2024-10-29,2768.39990234375,2768.39990234375,2768.39990234375,2768.39990234375,848,2702.492832728795,2710.347947886885,83.60923772779543,100.0,0.03530288045764762,1
2024-10-30,2774.60009765625,2789.0,2774.60009765625,2788.5,231,2714.485682896205,2720.768221501967,83.97406636749325,99.6684351206213,0.03623188405797095,0
2024-10-31,2787.39990234375,2787.5,2733.5,2738.300048828125,849,2720.2499651227677,2723.1057984787885,65.50133231537748,64.09350658332686,0.009065150200421757,1
2024-11-01,2745.5,2756.0,2734.199951171875,2738.60009765625,109,2726.735682896205,2725.171705035784,68.10207957542124,60.501674160528076,0.005692041953705873,0
2024-11-04,2736.5,2737.10009765625,2736.10009765625,2736.10009765625,16,2732.0714111328125,2726.628824051846,65.58200551633104,54.000084918478265,-0.0029516265796033503,1
2024-11-05,2743.0,2743.89990234375,2740.300048828125,2740.300048828125,23,2736.80712890625,2728.4516540220166,64.33204384608483,56.44013425544785,0.009541757816160956,0
2024-11-06,2734.5,2734.5,2659.39990234375,2667.60009765625,427,2735.1357073102677,2720.338113173248,45.92336196101916,6.327306430161894,-0.02460777618582144,1
2024-11-07,2662.5,2699.10009765625,2662.5,2698.39990234375,676,2734.0428466796875,2717.4130183959815,47.40764886091092,30.09256991722584,-0.015505856293277276,0
2024-11-08,2688.5,2694.60009765625,2682.89990234375,2687.5,1038,2731.499982561384,2713.424615943184,43.99862701585023,21.682157779527618,-0.02019756619496471,0
2024-11-11,2671.699951171875,2671.699951171875,2611.199951171875,2611.199951171875,20,2721.999982561384,2699.794660640343,31.09720383185794,0.0,-0.05678368614259388,0
2024-11-12,2605.5,2605.5,2592.800048828125,2600.0,118,2713.8285609654017,2686.4887058882973,32.833132813496036,3.6697007970036144,-0.06759906759906764,0
2024-11-13,2611.10009765625,2611.800048828125,2580.800048828125,2580.800048828125,53,2702.8214285714284,2672.396884946941,26.785174418390824,0.0,-0.05751743680076371,0
2024-11-14,2555.10009765625,2576.199951171875,2554.199951171875,2568.199951171875,27,2690.4857177734375,2658.5039604435988,24.490387632122733,5.962520054775662,-0.06222162433653855,0
2024-11-15,2565.699951171875,2565.699951171875,2565.699951171875,2565.699951171875,20,2677.8285784040177,2646.130092540702,23.864295164067656,4.897784330708579,-0.0622784768109691,1
2024-11-18,2591.699951171875,2610.699951171875,2589.39990234375,2610.60009765625,136,2666.5571637834823,2641.3927598894425,27.985512320794328,24.020500321812214,-0.04733056558070725,1
2024-11-19,2621.89990234375,2627.699951171875,2619.300048828125,2627.10009765625,87,2655.0285993303573,2639.4870715916836,27.254792673024795,31.24737729398481,-0.015182185679024074,1
2024-11-20,2638.5,2648.199951171875,2638.5,2648.199951171875,27,2648.5928780691966,2640.6487888690426,36.16822556005474,46.580761771797526,-0.018603599536255788,1
2024-11-21,2659.300048828125,2672.10009765625,2655.699951171875,2672.10009765625,33,2643.8428780691966,2644.842296707337,40.480956601236294,62.150857581166804,-0.005730196220930184,1
2024-11-22,2687.5,2710.5,2685.60009765625,2709.89990234375,41,2641.971435546875,2653.5166441255255,46.59383490338471,82.07695901345026,0.037798695242614366,0
2024-11-25,2689.39990234375,2689.39990234375,2616.800048828125,2616.800048828125,94,2633.1500069754466,2648.6210980858723,36.95880386954266,34.71995601949333,0.00646155724158648,1
2024-11-26,2625.60009765625,2625.60009765625,2620.300048828125,2620.300048828125,177858,2629.7714320591517,2644.844958184839,44.150370981835266,42.29051631899157,0.015305331390526034,1
2024-11-27,2633.5,2657.89990234375,2627.199951171875,2639.89990234375,61653,2625.59286063058,2644.185617406027,42.55913786164647,54.830405885614766,0.02791836793671698,1
2024-11-29,2636.39990234375,2664.300048828125,2620.699951171875,2657.0,3861,2623.414289202009,2645.8942017518903,46.180814560644485,65.77096398809756,0.035584850358836295,0
2024-12-02,2649.0,2649.800048828125,2621.699951171875,2634.89990234375,695,2625.1071428571427,2644.428295164138,53.43378169107249,51.63143055739958,0.00930812984697127,1
2024-12-03,2639.0,2654.699951171875,2636.0,2644.699951171875,1062,2628.2999965122767,2644.46451596517,56.502757858921214,57.90145344069477,0.006699346374859028,1
2024-12-04,2639.199951171875,2658.300048828125,2637.0,2653.800048828125,249,2633.5142822265625,2645.7092536802306,60.94124379951787,63.72365101803329,0.002114680824524484,0
2024-12-05,2652.39990234375,2655.0,2625.699951171875,2626.60009765625,573,2637.685721261161,2643.161366210367,58.386007276541534,42.05809803052094,-0.017027805223280734,1
2024-12-06,2620.199951171875,2643.10009765625,2617.5,2638.60009765625,571,2642.8928745814733,2642.553197069818,60.190125305517086,40.62770903138142,-0.026310862857271577,1
2024-12-09,2632.10009765625,2677.10009765625,2630.800048828125,2664.89990234375,935,2646.7714320591517,2645.532757773009,58.00646818608562,51.3339152412095,0.01838117266054229,1
2024-12-10,2662.300048828125,2698.199951171875,2661.0,2697.60009765625,437,2651.807146344866,2652.4750697574414,59.921198811523055,86.23275446527443,0.029500456965871447,1
2024-12-11,2701.800048828125,2733.800048828125,2693.10009765625,2733.800048828125,3387,2657.9214390345983,2663.3184003001993,61.55509182300063,100.0,0.03556958595324344,0
2024-12-12,2725.10009765625,2725.10009765625,2677.39990234375,2687.5,2365,2659.0214320591517,2666.5426135935063,51.96027367630716,60.427308693910255,0.011479111780203333,0
2024-12-13,2688.199951171875,2689.300048828125,2647.89990234375,2656.0,1125,2655.1714390345983,2665.1369317810386,43.02717951568564,33.50423177083333,0.008007931397121082,0
2024-12-16,2658.300048828125,2663.300048828125,2651.0,2651.39990234375,877,2657.6428571428573,2663.305327856067,55.80533979349653,29.148657017203195,0.0025333502081801296,0
2024-12-17,2651.800048828125,2652.300048828125,2632.5,2644.39990234375,705,2659.364275251116,2660.784604454425,53.99665572150987,23.129742949209113,-0.0035421457198804296,0
2024-12-18,2644.300048828125,2647.10009765625,2590.199951171875,2636.5,566,2659.121425083705,2657.546657193835,49.413405985735736,32.24235190908998,0.0037690938763703663,0
2024-12-19,2582.10009765625,2610.300048828125,2582.10009765625,2592.199951171875,238,2654.492850167411,2648.833763057574,39.779179980792236,6.657782970662882,-0.017585137863668776,1
2024-12-20,2605.300048828125,2631.60009765625,2604.89990234375,2628.699951171875,592,2654.0499965122767,2646.1492548061474,49.06458231270466,30.71843672700177,-0.013583981574706638,0
2024-12-23,2620.0,2627.699951171875,2611.10009765625,2612.300048828125,451,2651.7357177734375,2641.636027342411,45.20711503790681,19.907686811091104,-0.03162071683724954,1
2024-12-24,2613.0,2620.0,2609.5,2620.0,35,2649.3214285714284,2638.7512236967564,44.97919436459945,24.98346377238426,-0.041627056403377716,1
2024-12-26,2628.5,2638.800048828125,2627.89990234375,2638.800048828125,84,2650.192853655134,2638.757733714272,51.858615628721715,37.376380634186454,-0.018120912063953498,0
2024-12-27,2617.699951171875,2617.699951171875,2616.39990234375,2617.199951171875,642,2648.6642717633927,2635.883362708619,46.832424009615295,23.13768280377171,-0.014608452119022952,0
2024-12-30,2620.699951171875,2626.89990234375,2597.0,2606.10009765625,794,2644.464285714286,2631.9122607016366,40.886579837592805,15.820703839784475,-0.017085240384695055,1
2024-12-31,2608.39990234375,2629.199951171875,2604.89990234375,2629.199951171875,401,2639.5785609654017,2631.550619431002,39.07345050532468,31.048034723663946,-0.005747977512177038,1
2025-01-02,2633.0,2663.10009765625,2633.0,2658.89990234375,1728,2634.2285505022323,2635.197190486035,37.78136930739679,53.70615712412587,0.008496075229945,0
2025-01-03,2658.699951171875,2658.699951171875,2641.800048828125,2645.0,591,2631.1928362165177,2636.504231754564,42.2473439314802,58.675308762876035,0.020368817924039995,0
2025-01-06,2645.5,2647.0,2617.300048828125,2638.39990234375,960,2629.9356863839284,2636.756987833122,46.468676093980534,69.33477653001398,0.0036900183939025943,1
2025-01-07,2653.39990234375,2657.5,2653.0,2656.699951171875,643,2630.3142613002233,2639.4160496116224,51.00799842501697,92.09858458719135,0.016996478778794177,1
2025-01-08,2655.5,2676.89990234375,2653.5,2664.5,999,2631.749982561384,2642.7605763300726,53.81117178371913,86.91990728817925,0.016984732824427473,1
2025-01-09,2669.699951171875,2686.300048828125,2667.89990234375,2683.800048828125,1139,2635.1285574776784,2648.2325059964796,58.59688731630649,97.60076663003775,0.017053205687177497,1
2025-01-10,2686.10009765625,2720.10009765625,2683.699951171875,2708.5,403,2643.435703822545,2656.268171863616,72.75932680188853,90.5766950009718,0.03488462881379939,0
2025-01-13,2711.10009765625,2711.199951171875,2673.5,2673.5,765,2646.6357073102677,2658.565748948467,58.81891572622775,62.144548588110695,0.025862361313122584,1
2025-01-14,2673.60009765625,2688.300048828125,2670.800048828125,2677.5,794,2651.2928466796875,2661.090315755338,63.493375559447166,65.39393674958053,0.01837062594139982,1
2025-01-15,2690.800048828125,2712.5,2690.800048828125,2712.5,930,2657.89998953683,2667.944940321293,67.19970873804037,93.82608316244165,0.020158749717882563,1
2025-01-16,2731.699951171875,2749.800048828125,2731.699951171875,2746.39990234375,1721,2665.585693359375,2678.405601924287,68.94365246724085,97.77477395429395,0.03833644701086958,0
2025-01-17,2736.0,2751.60009765625,2725.5,2744.300048828125,1214,2674.6642717633927,2687.191528178132,74.02652784315897,95.27810852722972,0.04013801940725581,1
2025-01-21,2746.0,2755.0,2724.800048828125,2755.0,1439,2685.299979073661,2696.2326577543813,78.19010272225057,100.0,0.03700080951360896,1
2025-01-22,2754.5,2768.800048828125,2753.5,2767.60009765625,2079,2695.185703822545,2705.7483164079636,77.2871108886204,99.20795302186468,0.03869397547616815,0
2025-01-23,2760.0,2765.0,2745.39990234375,2763.10009765625,2201,2702.628574916295,2713.3952205744017,72.81091065347195,96.23765599216172,0.029547673964292143,1
2025-01-24,2759.800048828125,2792.0,2759.800048828125,2777.300048828125,1593,2712.0785784040177,2721.915864341565,78.92437190087057,91.58560086979489,0.025401531780736564,0
2025-01-27,2761.10009765625,2762.199951171875,2737.5,2737.5,984,2719.157156808036,2723.993749096023,68.91946059723587,60.79136690647482,0.02393865719094812,1
2025-01-28,2738.0,2766.800048828125,2738.0,2766.800048828125,2307,2727.0214494977677,2729.70125572697,70.1722493688484,81.80508940658845,0.03335202570611573,1
2025-01-29,2769.10009765625,2769.10009765625,2769.10009765625,2769.10009765625,125692,2734.4928850446427,2734.954434650874,69.55873894108302,81.54723261606016,0.020866395449308683,1
2025-01-30,2772.5,2829.5,2770.0,2823.0,40141,2744.4357386997767,2746.693843364091,73.0463681627433,95.90422054197082,0.027891093933873234,0
2025-01-31,2829.0,2838.0,2804.0,2812.5,3443,2751.8643101283483,2755.4679975822123,68.0681151109407,84.7487993738784,0.024851492168648903,1
2025-02-03,2818.199951171875,2848.39990234375,2780.89990234375,2833.89990234375,2649,2763.321446010045,2765.9255848837506,79.2487370027477,91.83557885157585,0.02863880302858446,1
2025-02-04,2827.60009765625,2853.300048828125,2816.10009765625,2853.300048828125,2187,2775.878592354911,2777.575513409667,80.35223372767348,100.0,0.030965438700645498,1
2025-02-05,2850.0,2880.5,2848.0,2871.60009765625,4519,2787.2428850446427,2790.112124642545,79.14990007139036,94.28394018317609,0.03926748802623292,0
2025-02-06,2865.199951171875,2871.699951171875,2836.300048828125,2856.0,3116,2795.071463448661,2798.897174690206,71.52397007408601,84.26460649756095,0.02833685586297463,1
2025-02-07,2859.89990234375,2889.5,2857.800048828125,2867.300048828125,1822,2803.857177734375,2808.0175579085953,73.31309010611498,86.52097282730344,0.047415542950913325,1
2025-02-10,2864.199951171875,2916.10009765625,2863.800048828125,2914.300048828125,2237,2815.23575265067,2822.1885566978663,76.54113085548371,98.99213446591192,0.05331068288164631,0
2025-02-11,2925.5,2945.39990234375,2890.0,2912.5,2554,2825.5857456752233,2834.2300824714844,75.04316550405325,84.17512371441522,0.051785741680166364,0
2025-02-12,2902.0,2912.300048828125,2868.60009765625,2909.0,2504,2836.007167271205,2844.19940480862,75.30346064538419,82.49162124012692,0.030464045341835,1
2025-02-13,2911.300048828125,2937.699951171875,2910.60009765625,2925.89990234375,4670,2846.6214425223216,2855.0928044799707,75.53259945785724,90.62048621467945,0.0403199652777777,0
2025-02-14,2937.300048828125,2944.39990234375,2874.800048828125,2883.60009765625,1992,2857.0571637834823,2858.8937769034746,74.88928409816866,70.2025873738979,0.01753773846119122,1
2025-02-18,2879.199951171875,2936.39990234375,2873.800048828125,2931.60009765625,4010,2868.828595842634,2868.5879530038446,76.39334955203081,92.17253546482321,0.02744192601135076,0
2025-02-19,2938.699951171875,2946.0,2917.10009765625,2919.39990234375,2630,2879.564296177455,2875.362879582499,73.33122619042206,84.88630814985795,0.016645703810399315,1
2025-02-20,2949.10009765625,2955.800048828125,2924.199951171875,2940.0,656,2887.9214390345983,2883.9811623048327,70.25621213837552,90.96624608628528,0.02941176470588225,0
2025-02-21,2938.800048828125,2940.0,2917.300048828125,2937.60009765625,570,2896.857160295759,2891.130353685022,72.28357866245473,89.59409037801981,0.024517855693845902,1
2025-02-24,2933.10009765625,2957.89990234375,2933.10009765625,2947.89990234375,415,2905.000017438616,2898.699626839519,71.14242557607568,92.94780410873054,0.011529304791088935,0
2025-02-25,2938.699951171875,2943.199951171875,2890.0,2904.5,1854,2908.657156808036,2899.473009927583,58.71934208392754,56.085553724052495,-0.0027467811158797817,1
2025-02-26,2913.5,2917.0,2913.0,2916.800048828125,2050,2911.885724748884,2901.7832817809885,57.85813181393352,66.20073764287564,0.0026813505768734647,0
2025-02-27,2918.5,2922.800048828125,2870.39990234375,2883.199951171875,3215,2913.8285784040177,2899.30550436644,54.4502559243675,25.374564948574303,-0.014593783997077558,0
2025-02-28,2877.10009765625,2877.10009765625,2834.10009765625,2836.800048828125,990,2911.6500069754466,2890.971443627998,45.52391748942677,2.1809009947069913,-0.01622972924233268,1
2025-03-03,2872.699951171875,2891.800048828125,2863.39990234375,2890.199951171875,423,2909.9285714285716,2890.8685779671814,46.52836001463017,45.31497740019405,-0.014122030667645835,1
2025-03-04,2886.10009765625,2927.89990234375,2886.10009765625,2909.60009765625,885,2909.721435546875,2893.3661139257238,49.60242601134013,60.98555663361495,-0.003356787358810509,1
2025-03-05,2916.699951171875,2922.0,2893.0,2915.300048828125,551,2910.1714390345983,2896.290638579377,50.85855201650763,65.5897247793265,-0.008401343936011885,1
2025-03-06,2904.0,2918.60009765625,2903.800048828125,2916.60009765625,870,2909.507167271205,2898.9985664562937,48.67637206690555,66.63984665262561,-0.00714869257280959,0
2025-03-07,2900.89990234375,2927.300048828125,2900.5,2904.699951171875,531,2911.0142996651784,2899.758751085038,53.28760422000187,57.02743529671612,-0.014654483735193513,0
2025-03-10,2910.10009765625,2915.10009765625,2880.199951171875,2891.0,55,2908.1142926897323,2898.590917607033,42.91694280841698,45.96122141499239,-0.004647960061972767,1
2025-03-11,2884.39990234375,2916.699951171875,2880.39990234375,2912.89990234375,197,2907.6500069754466,2900.4987822385956,48.903137987746,63.65099273493149,-0.0013371319319409602,1
2025-03-12,2912.0,2939.10009765625,2910.0,2939.10009765625,213,2907.5857282366073,2905.6456242942827,49.850960146597636,84.81435028515986,0.019388230934748174,1
2025-03-13,2937.10009765625,2988.0,2935.199951171875,2984.300048828125,2366,2910.9214390345983,2916.1328808987955,56.77400025922681,97.59587165714322,0.05199520497080212,1
2025-03-14,2994.39990234375,3004.800048828125,2986.0,2994.5,1800,2914.250017438616,2926.58183011229,56.76147481866577,93.96599193062801,0.03608748549934582,1
2025-03-17,2991.0,3001.5,2989.0,3000.0,214,2921.071446010045,2936.370919430651,65.56894998105463,97.1880198001393,0.031069528220242004,1
2025-03-18,3006.39990234375,3039.199951171875,3004.39990234375,3035.10009765625,428,2929.5214494977677,2949.5348098607315,67.95143568659036,98.00104512736151,0.041093557034131534,1
2025-03-19,3035.199951171875,3050.89990234375,3030.89990234375,3035.89990234375,175,2940.4285888671875,2961.050155525134,75.73305970708057,93.08117457872191,0.04090372375128437,1
2025-03-20,3047.300048828125,3047.300048828125,3034.39990234375,3040.0,185,2954.94287109375,2971.5768014551163,89.93707432561469,94.18671875,0.046579698799368074,0
2025-03-21,3034.5,3037.5,3000.89990234375,3018.199951171875,151,2964.0857282366073,2977.7932214173507,78.7252764110937,80.84360836228363,0.04399859950600993,0
2025-03-24,3024.300048828125,3024.300048828125,3006.0,3013.10009765625,137,2971.478585379464,2982.500804915871,74.82014388489208,77.85599560632564,0.034398777394265334,1
2025-03-25,3026.39990234375,3028.800048828125,3023.699951171875,3023.699951171875,74,2979.221435546875,2987.994024416672,75.3983017689335,84.06563623179493,0.028784270934864686,0
2025-03-26,3033.199951171875,3033.199951171875,3019.5,3020.89990234375,83,2986.6714215959823,2992.381474806949,74.26706656214853,82.42530252993834,0.01226413326970821,1
2025-03-27,3025.5,3065.0,3025.5,3060.199951171875,124359,2997.778564453125,3001.4239383222725,82.08834612981883,97.40257166674814,0.02194020743759384,1
2025-03-28,3069.699951171875,3094.89990234375,3066.800048828125,3086.5,31206,3011.742850167411,3012.7674132126363,88.34838660243088,96.08396161130536,0.028833333333333266,1
2025-03-31,3091.0,3132.5,3086.0,3122.800048828125,3438,3026.7357177734375,3027.4384312947013,88.97142748353886,95.64047138342696,0.02889524178777436,0
2025-04-01,3129.699951171875,3149.5,3104.0,3118.89990234375,1721,3039.5785609654017,3039.633294101241,86.39672159665992,85.72090962014097,0.027339504815663718,1
2025-04-02,3120.699951171875,3168.60009765625,3117.39990234375,3139.89990234375,5946,3050.6928362165177,3053.002175200242,84.91916952757484,84.28248632893452,0.03286180998149679,0
2025-04-03,3150.0,3166.89990234375,3052.0,3097.0,5516,3058.0142647879466,3058.86855184021,70.0587084148728,60.13359759230713,0.026108293056438914,0
2025-04-04,3110.5,3127.699951171875,3011.0,3012.0,3247,3058.871407645089,3052.6194115948488,51.7910447761194,6.6190129567622655,-0.00036510491540120427,0
2025-04-07,3016.39990234375,3050.800048828125,2949.699951171875,2951.300048828125,4424,3052.8856898716517,3039.1101632259524,38.380465492272606,0.7309714872046531,-0.023944142445645245,1
2025-04-08,2994.0,3014.5,2968.39990234375,2968.39990234375,3213,3048.0642613002233,3029.6821284416587,41.04536780452162,8.542685545077875,-0.01737892737169744,1
2025-04-09,2965.800048828125,3090.39990234375,2965.800048828125,3056.5,2175,3049.242832728795,3033.2578446494376,51.78997651291472,48.7893912102742,-0.0012090553659600545,1
2025-04-10,3073.89990234375,3167.0,3072.10009765625,3155.199951171875,3456,3059.028547014509,3049.516792185763,62.73708160600828,93.87842050378367,0.022258205466345382,1
2025-04-11,3182.10009765625,3235.0,3182.10009765625,3222.199951171875,862,3073.9642508370534,3072.5412133839113,67.43370606475976,95.51347822031528,0.03183037683794421,0
2025-04-14,3215.5,3228.800048828125,3194.5,3204.800048828125,263,3086.899972098214,3090.175724776473,64.92993385459604,89.41467017060745,0.027541809347527924,1
2025-04-15,3216.0,3218.699951171875,3214.0,3218.699951171875,390,3101.028547014509,3107.31228829586,66.01360878748336,94.28669960097177,0.025096356979184442,1
2025-04-16,3238.300048828125,3334.89990234375,3238.300048828125,3326.60009765625,1874,3120.05712890625,3136.5506628772455,69.41126241916977,97.84532561277594,0.07413629243017428,0
2025-04-17,3345.0,3345.0,3287.800048828125,3308.699951171875,824,3135.928553989955,3159.5039013165297,66.39126107736678,90.81708971811736,0.09850595988442068,1
2025-04-21,3342.199951171875,3418.5,3342.199951171875,3406.199951171875,78,3156.171404157366,3192.396707963909,69.17455360918471,97.37626972120165,0.15413543008762431,0
2025-04-22,3422.199951171875,3485.60009765625,3361.699951171875,3400.800048828125,785,3176.30712890625,3220.183820079138,69.03445235827392,84.17614748112456,0.14566775391111086,0
2025-04-23,3321.199951171875,3370.300048828125,3256.199951171875,3276.300048828125,331,3186.0499965122767,3227.6659839123363,58.080579735801585,60.94420757277634,0.07191233398597241,1
2025-04-24,3305.39990234375,3353.89990234375,3304.89990234375,3332.0,560,3202.835710797991,3241.5771860573586,63.71382198702247,71.33792579384405,0.05603449910122471,0
2025-04-25,3355.5,3355.5,3266.10009765625,3282.39990234375,162,3222.14998953683,3247.020214895544,66.45969895858288,62.08245199305528,0.018682872597642897,1
2025-04-28,3284.5,3332.5,3284.5,3332.5,1300,3249.3785574776784,3258.4175195761386,73.5076423418348,70.54634796564372,0.03984646443654727,0
2025-04-29,3340.0,3340.0,3299.89990234375,3318.800048828125,1278,3274.40713936942,3266.468523476404,71.69928677930677,67.9107285187504,0.03109954303749407,0
2025-04-30,3318.699951171875,3318.699951171875,3268.0,3305.0,207,3292.15713936942,3271.60605367955,66.9485722887273,56.32403926088271,-0.006493145260071498,0
2025-05-01,3272.89990234375,3275.0,3198.60009765625,3210.0,2131,3296.0714285714284,3263.3919131889434,53.75651479453733,9.19271905889621,-0.029830432686081876,1
2025-05-02,3239.89990234375,3257.0,3225.0,3231.89990234375,1349,3296.7642822265625,3259.1929784095846,50.708749852384656,12.847780761624561,-0.051171408410172314,1
2025-05-05,3242.699951171875,3315.699951171875,3239.699951171875,3311.300048828125,244,3304.371425083705,3266.1405877987236,57.13519752058168,39.268275669642854,-0.026317336719293594,1
2025-05-06,3365.5,3430.89990234375,3356.800048828125,3411.39990234375,2357,3318.1357073102677,3285.508496404727,61.57356724686584,74.14627341027874,0.0412354947661,0
2025-05-07,3418.699951171875,3418.699951171875,3364.699951171875,3381.39990234375,1080,3322.049979073661,3298.2940171965965,53.63104940336646,63.69331173780488,0.014825901063550528,0
2025-05-08,3390.0,3390.0,3288.699951171875,3296.60009765625,200,3321.185703822545,3298.0681612578837,49.26355099747003,34.146341463414636,0.004326162483236917,1
2025-05-09,3299.0,3335.5,3299.0,3335.39990234375,216,3316.1285574776784,3303.0457267359993,45.359197062373354,47.66543717334495,0.0008701882501875868,0
2025-05-12,3300.699951171875,3300.699951171875,3205.0,3220.0,886,3303.21426827567,3291.9729631712,39.642521777002266,9.212191276931161,-0.029769810586513512,1
2025-05-13,3232.0,3251.39990234375,3223.5,3240.300048828125,2424,3300.642839704241,3285.08324125879,47.6580784350597,17.950919600630584,-0.01957638462083966,0
2025-05-14,3233.0,3233.0,3171.699951171875,3181.39990234375,3518,3289.8856898716517,3271.258796070118,40.243577625856766,3.742265817574549,-0.00890968774338008,1
2025-05-15,3151.0,3228.10009765625,3125.0,3220.699951171875,652,3285.4785505022323,3264.5176167503523,45.94878719939675,31.28472759835462,-0.0034654387543849863,0
2025-05-16,3227.699951171875,3228.10009765625,3173.89990234375,3182.0,199,3274.7285505022323,3253.5152678503055,39.967999041793924,18.633546321288847,-0.03904812216394726,1
2025-05-19,3234.39990234375,3241.0,3228.300048828125,3228.89990234375,266,3268.307111467634,3250.233219116098,44.26144536442676,33.96532707192374,-0.05349709949707626,1
2025-05-20,3219.0,3293.199951171875,3207.5,3280.300048828125,356,3266.5428292410716,3254.2421297443684,48.49555600827384,50.76825707960152,-0.0298988160038538,1
2025-05-21,3293.39990234375,3317.5,3290.199951171875,3309.300048828125,979,3273.6356898716517,3261.5831856222026,56.577036282178696,60.248482400959006,0.0038524391177758854,0
2025-05-22,3327.300048828125,3328.0,3282.699951171875,3292.300048828125,1210,3277.9499860491073,3265.6787673829926,54.02667774305915,54.69110893671496,-0.012921944827467113,1
2025-05-23,3328.0,3363.60009765625,3323.5,3363.60009765625,47,3281.685703822545,3278.7349447527604,53.524738706228504,77.9994030165224,0.04459630361995348,0
2025-05-27,3332.5,3341.0,3296.300048828125,3299.10009765625,189,3273.664289202009,3281.4502984732258,42.05013197354723,59.27821811395725,0.01814648271520114,0
2025-05-28,3293.60009765625,3293.60009765625,3293.60009765625,3293.60009765625,127758,3267.3928745814733,3283.0702716976293,43.56117410977093,63.62267836084906,0.03526755477355792,1
2025-05-29,3283.699951171875,3328.800048828125,3242.39990234375,3317.10009765625,24370,3268.857160295759,3287.607581825446,51.651893634165994,80.51132398655079,0.029931427312655856,0
2025-05-30,3315.10009765625,3318.0,3270.89990234375,3288.89990234375,2213,3265.53573172433,3287.7798912278868,46.18790209723027,68.69230312716795,0.03359519243989628,1
2025-06-02,3296.89990234375,3380.800048828125,3296.89990234375,3370.60009765625,976,3276.29288155692,3298.822585418335,63.06837200512855,96.01252962280377,0.04388497618326426,0
2025-06-03,3385.10009765625,3390.0,3331.300048828125,3350.199951171875,6410,3284.1428745814733,3305.6729008521406,59.53494302969505,84.98111364976415,0.021308996525705393,1
2025-06-04,3355.0,3380.0,3344.0,3373.5,207,3297.8643101283483,3314.7165140718553,67.76399618911731,93.77358490566039,0.019399858043881224,0
2025-06-05,3371.5,3400.0,3343.699951171875,3350.699951171875,731,3307.1500244140625,3319.514305685191,62.399831216239754,78.19547654372178,0.017738329276682174,0
2025-06-06,3364.300048828125,3364.300048828125,3306.0,3322.699951171875,81,3317.200020926339,3319.939058416749,63.70007307567778,59.844130478896105,-0.012159634111342243,1
2025-06-09,3315.60009765625,3334.60009765625,3290.0,3332.10009765625,1887,3324.571463448661,3321.5605303153493,60.840334410422116,64.72732345779221,0.010002727720642257,0
2025-06-10,3302.0,3344.300048828125,3302.0,3320.89990234375,65,3327.471452985491,3321.4724465858026,54.65807227957229,49.809613805710036,0.008288742979734254,1
2025-06-11,3328.0,3356.0,3321.300048828125,3321.300048828125,2106,3328.328595842634,3321.449460218112,51.47347316619261,50.06351370191935,0.001266151472137489,1
2025-06-12,3363.0,3395.89990234375,3353.39990234375,3380.89990234375,1818,3334.657156808036,3329.376185834864,59.84878296338713,87.88065620497886,0.02797287930059489,1
2025-06-13,3407.300048828125,3444.0,3407.300048828125,3431.199951171875,499,3339.4857177734375,3342.9526878797988,57.88242675656425,93.65077250609745,0.017978950857374887,0
2025-06-16,3442.0,3442.0,3385.39990234375,3396.39990234375,480,3346.435703822545,3350.0789831416587,62.18987005709854,76.38885188567055,0.013790207105613073,0
2025-06-17,3398.300048828125,3398.300048828125,3376.10009765625,3386.60009765625,1477,3353.0785609654017,3354.9484650769373,61.526995212820694,71.52784001046317,0.0038832362994665193,1
2025-06-18,3385.300048828125,3391.89990234375,3365.10009765625,3389.800048828125,0,3358.271414620536,3359.5953429104293,59.48835730231248,68.68866516788007,0.011669232765104898,0
2025-06-20,3350.0,3372.89990234375,3341.0,3368.10009765625,709,3363.9285714285716,3360.729310209872,60.51514499311532,50.714349127435064,0.01366363112876412,1
2025-06-23,3365.89990234375,3387.89990234375,3350.0,3377.699951171875,30,3364.435703822545,3362.992062338139,51.16582066061433,56.94802024147727,0.013685019110830199,0
2025-06-24,3358.0,3358.0,3301.0,3317.39990234375,538,3362.092843191964,3356.9131076722206,45.23809017462002,17.792144379058442,-0.0010539311942313612,1
2025-06-25,3321.60009765625,3331.199951171875,3310.60009765625,3327.10009765625,373,3358.778564453125,3352.938039670091,42.98671988356834,24.090972504058442,0.001746318833846905,1
2025-06-26,3332.39990234375,3333.5,3332.39990234375,3333.5,2058,3357.5499965122767,3350.346301047412,47.26464008299535,28.246753246753247,-0.014019907040398016,0
2025-06-27,3318.699951171875,3318.699951171875,3253.800048828125,3273.699951171875,284,3354.0499965122767,3340.1267877306736,42.92316979258637,10.46262221474882,-0.04590230888357538,1
2025-06-30,3265.89990234375,3306.89990234375,3262.0,3294.39990234375,1242,3351.3571254185267,3334.0298696790837,44.72724541083916,21.345880093805476,-0.030031799238250168,1
2025-07-01,3310.10009765625,3354.10009765625,3310.10009765625,3336.699951171875,371,3352.4857003348216,3334.3858805447894,52.03294580339949,43.585659109258735,-0.014734584847767906,1
2025-07-02,3329.0,3357.5,3329.0,3348.0,39,3354.392839704241,3336.201096472151,53.34167302736393,49.52680092265156,-0.012331125206802573,0
2025-07-03,3362.0,3362.0,3322.300048828125,3331.60009765625,0,3350.871425083705,3335.5876299633646,43.08169636372108,40.9043474242644,-0.010836970084528996,1
2025-07-04,3342.0,3342.0,3332.5,3332.5,0,3343.8214285714284,3335.1759459682494,33.91983364371339,41.81720063253454,-0.013381872820347196,0
2025-07-07,3305.5,3333.300048828125,3299.199951171875,3332.199951171875,254,3339.2357177734375,3334.779146662066,38.21585320712813,54.25598778114187,0.004461339984265678,0
2025-07-08,3330.39990234375,3334.5,3287.60009765625,3307.0,909,3333.5499965122767,3331.0752604404574,36.17092569908417,38.52281506283843,-0.006041326400251457,1
2025-07-09,3289.39990234375,3314.0,3282.0,3311.60009765625,114,3327.964285714286,3328.47857206923,36.47995083418949,43.10224605979176,-0.0065696422210139716,1
2025-07-10,3323.60009765625,3330.5,3311.60009765625,3317.39990234375,209,3324.342843191964,3327.0014161058325,40.724436233960674,47.42723563692371,0.013348795498570931,1
2025-07-11,3330.5,3370.0,3330.5,3356.0,776,3322.7928466796875,3330.8678939583883,46.41085880468834,87.95180216617116,0.018698427477619184,0
2025-07-14,3367.0,3375.5,3350.0,3351.5,583,3325.2285679408483,3333.6188414306034,56.91685550836714,80.27936760130235,0.004435534823239662,0
2025-07-15,3341.0,3341.0,3329.800048828125,3329.800048828125,210,3325.4214215959823,3333.1096690836066,50.5222347624467,62.44866926254255,-0.0054360666582661255,1
2025-07-16,3341.199951171875,3352.89990234375,3329.5,3352.5,10,3326.778564453125,3335.695046539126,53.457062136853885,81.10106061791475,0.006273232600291001,0
2025-07-17,3313.800048828125,3340.800048828125,3313.800048828125,3340.10009765625,667,3331.5214320591517,3336.282386688076,64.59987825158976,68.81065872797357,0.002280599446736753,1
2025-07-18,3338.199951171875,3353.0,3338.199951171875,3353.0,602,3335.7071533203125,3338.5114017963324,63.34248677013385,75.93582887700535,0.006242137066477582,1
2025-07-21,3350.300048828125,3411.699951171875,3350.300048828125,3401.89990234375,53,3340.3642926897323,3346.9632018693214,64.4120481849688,92.44406128176699,0.028696674431130997,1
2025-07-22,3411.0,3441.0,3395.60009765625,3439.199951171875,39,3346.878574916295,3359.2614351096618,68.0809170104036,98.86789381878931,0.03853117820775909,0
2025-07-23,3430.300048828125,3433.89990234375,3388.10009765625,3394.10009765625,63,3351.34286063058,3363.9065901158733,61.12497870609545,70.5032060731132,0.023120575622586514,0
2025-07-24,3367.0,3371.0,3367.0,3371.0,1175,3354.09286063058,3364.8523781004237,56.35104744598453,55.9748427672956,0.004469606674612603,0
2025-07-25,3344.0,3345.0,3326.5,3334.0,67,3354.221435546875,3360.738727687034,50.26486921072352,32.70440251572327,-0.0052215425928688886,0
2025-07-28,3326.60009765625,3326.800048828125,3309.10009765625,3309.10009765625,533,3354.3714425223216,3353.853577016263,50.30929317771593,17.04408657625786,-0.006216574829818966,1
2025-07-29,3323.39990234375,3323.39990234375,3323.39990234375,3323.39990234375,113144,3355.214285714286,3349.793087059928,51.68955198836624,10.84140657680903,-0.008680118614839638,0
2025-07-30,3325.800048828125,3331.800048828125,3263.89990234375,3295.800048828125,19252,3353.6714390345983,3342.5940152956873,47.08896278197146,18.01249514062547,-0.013263090186791171,0
2025-07-31,3272.89990234375,3312.0,3272.89990234375,3293.199951171875,3704,3349.185721261161,3336.0081400791787,40.626837890999354,16.54434368805159,-0.017834789391030448,1
2025-08-01,3286.199951171875,3360.60009765625,3281.0,3347.699951171875,3420,3348.914289202009,3337.5670482248715,49.506486226320696,47.31790097077207,-0.01593225924564501,1
2025-08-04,3367.60009765625,3386.5,3347.39990234375,3374.39990234375,351,3352.0999930245534,3342.4780954407224,55.71794067622072,62.39409320624978,-0.01884160553271841,1
2025-08-05,3378.5,3387.199951171875,3351.199951171875,3381.89990234375,915,3354.1999860491073,3347.734336361126,53.92208590795334,66.62898641029388,-0.0035945302028436155,0
2025-08-06,3380.699951171875,3383.300048828125,3361.300048828125,3380.0,1492,3357.049979073661,3352.0364248463093,55.47625270579089,65.55620194044131,0.002669830910708937,1
2025-08-07,3384.89990234375,3422.89990234375,3384.89990234375,3400.300048828125,5464,3360.428553989955,3358.471574710551,56.362673819903165,77.01867378363997,0.0198860374409493,1
2025-08-08,3438.800048828125,3477.0,3402.5,3439.10009765625,7657,3363.085710797991,3369.222044436644,55.14383787316556,82.21497654830453,0.03928560519885016,0
2025-08-11,3383.89990234375,3383.89990234375,3349.199951171875,3353.10009765625,1488,3356.935721261161,3367.072451532592,39.5076839223438,41.85835496724553,0.008936690192340224,0
2025-08-12,3356.199951171875,3356.199951171875,3330.10009765625,3348.89990234375,1611,3353.7071358816966,3364.64944497408,43.88194270955189,39.887358539418784,0.016111369843114565,1
2025-08-13,3358.800048828125,3363.39990234375,3358.699951171875,3358.699951171875,1011,3352.8285609654017,3363.856179133786,48.27294946814892,44.486159260727405,0.019889469504180024,0
2025-08-14,3346.800048828125,3356.0,3328.89990234375,3335.199951171875,592,3352.9142717633927,3360.0353487388647,50.1751242972759,33.458477782182214,-0.003733906915888374,1
2025-08-15,3346.800048828125,3346.800048828125,3335.89990234375,3336.0,1185,3354.835693359375,3356.830635573683,54.22290460655416,33.83391112872884,-0.011379772242489317,0
2025-08-18,3333.5,3347.800048828125,3331.699951171875,3331.699951171875,646,3355.428553989955,3353.479877653442,51.34522564986068,31.81605713644144,-0.01484371288963493,0
2025-08-19,3330.199951171875,3343.5,3313.39990234375,3313.39990234375,1655,3356.6856863839284,3348.135880945483,52.94114767140613,19.843204616301076,-0.019704170904215945,1
2025-08-20,3310.60009765625,3343.5,3310.10009765625,3343.39990234375,1213,3360.27139718192,3347.5044171319187,57.68522636805693,31.836684869260207,-0.016733860443870263,0
2025-08-21,3349.39990234375,3349.39990234375,3326.5,3336.89990234375,142,3359.4999651227677,3346.09048182683,48.0617308725344,16.05741184455737,-0.029717133090179426,1
2025-08-22,3349.39990234375,3377.699951171875,3349.39990234375,3374.39990234375,1240,3359.4999651227677,3349.8650712290864,50.0,38.525969029668445,0.006352272245730983,0
2025-08-25,3366.0,3378.0,3366.0,3373.800048828125,1044,3358.921404157366,3353.056401575625,48.566398846793035,38.166559882508174,0.007435321213079105,1
2025-08-26,3378.89990234375,3396.5,3371.10009765625,3388.60009765625,905,3359.5356968470983,3357.7955610530416,51.45566795596548,47.03417970749918,0.008902297591049324,1
2025-08-27,3397.0,3404.60009765625,3382.0,3404.60009765625,3222,3359.842843191964,3364.0361659334694,50.73858532792886,56.620764106479896,0.020808391550854344,1
2025-08-28,3409.0,3434.60009765625,3400.0,3431.800048828125,1035,3359.3214111328125,3373.071350319424,48.694089006868246,97.75096479668674,0.028717041015625,1
2025-08-29,3432.5,3475.60009765625,3426.60009765625,3473.699951171875,0,3367.9356863839284,3386.488497099751,75.61592575806446,98.85187523602718,0.04262088485790971,1
2025-09-02,3485.699951171875,3559.199951171875,3485.699951171875,3549.39990234375,658,3382.2571149553573,3408.210017798951,82.66537370471784,96.06581509791603,0.07122593316703618,1
2025-09-03,3554.800048828125,3593.699951171875,3553.199951171875,3593.199951171875,72,3399.0071149553573,3432.8753422486743,84.39426036613227,99.82369525449263,0.0747143794115126,0
2025-09-04,3549.89990234375,3573.60009765625,3549.89990234375,3565.800048828125,237,3415.4785505022323,3450.598636459268,83.4397082772782,90.1622296352093,0.06859664754210981,1
2025-09-05,3567.800048828125,3613.199951171875,3567.800048828125,3613.199951171875,925,3435.278547014509,3472.2788117542827,85.41136857968542,100.0,0.07076815307582907,1
2025-09-08,3594.5,3641.0,3590.0,3638.10009765625,97,3457.1642717633927,3494.3883165412117,87.18450583123118,99.12363155044468,0.07833897830427983,1
2025-09-09,3647.10009765625,3670.39990234375,3627.800048828125,3643.300048828125,535,3480.7285679408483,3514.2432141794666,91.35126963638378,92.47852672606093,0.07516376787808032,1
2025-09-10,3625.0,3655.39990234375,3620.800048828125,3643.60009765625,136,3502.1714390345983,3531.490798643038,90.65553000115061,92.20709150981035,0.0701991403232729,0
2025-09-11,3632.89990234375,3636.89990234375,3618.39990234375,3636.89990234375,307,3523.60001046317,3545.5453458031334,90.60639947338575,89.56386292834891,0.05976451150924755,1
2025-09-12,3655.5,3656.800048828125,3643.0,3649.39990234375,1300,3543.2428676060267,3559.392620008549,89.92451770870697,93.10118044115359,0.050580059775341635,1
2025-09-15,3640.0,3686.39990234375,3635.10009765625,3682.199951171875,210,3565.2714320591517,3575.7669308303257,90.94527647006198,98.66794996081978,0.03741478911419205,1
2025-09-16,3681.39990234375,3698.60009765625,3681.39990234375,3688.89990234375,373,3586.721418108259,3590.8513270321155,90.74624215569878,96.93613634856423,0.026633628095387163,0
2025-09-17,3669.0,3685.199951171875,3661.60009765625,3681.800048828125,183,3606.521414620536,3602.9778232715835,88.54283427284966,94.37372962701932,0.03253126883492041,0
2025-09-18,3654.60009765625,3667.39990234375,3637.0,3643.699951171875,80,3621.6571219308034,3608.4074403249556,78.59647804908907,79.8161226160386,0.008441271009678841,1
2025-09-19,3659.0,3685.89990234375,3658.199951171875,3671.5,211,3635.7856968470983,3616.819781614962,77.74971486112966,87.2709821464407,0.009180589166655206,1
2025-09-22,3688.199951171875,3748.199951171875,3688.0,3740.699951171875,410,3649.4499860491073,3633.3371375558836,77.33637735654216,96.21785267108,0.026733977723047753,1
2025-09-23,3747.0,3786.0,3740.0,3780.60009765625,627,3662.835710797991,3652.9721989025993,77.08092691521482,97.71287585335438,0.03760017464269083,0
2025-09-24,3769.800048828125,3772.5,3732.10009765625,3732.10009765625,588,3674.714285714286,3663.522585403086,72.6504895111406,75.29793106997842,0.026176193425381244,1
2025-09-25,3742.800048828125,3756.0,3724.699951171875,3736.89990234375,1899,3683.5499965122767,3673.306227661841,69.06007058630571,74.94892976721938,0.023976544731040494,1
2025-09-26,3775.300048828125,3775.300048828125,3775.300048828125,3775.300048828125,19308,3693.3499930245534,3686.905403817346,70.2958361051942,93.61578464362191,0.025283824586065817,1
2025-09-29,3754.800048828125,3827.60009765625,3754.800048828125,3820.89990234375,8860,3706.0356968470983,3704.7713369542,73.46720200370727,96.79723276429482,0.03578302569720959,1
2025-09-30,3827.5,3865.5,3793.39990234375,3840.800048828125,1611,3720.121407645089,3722.90849853739,74.77384801580656,90.00407065551386,0.04318539787368625,1
2025-10-01,3863.5,3891.89990234375,3853.300048828125,3867.5,1778,3736.592843191964,3742.1873653990715,77.58374373878588,90.49847316922913,0.061421097188901985,0
2025-10-02,3856.199951171875,3888.60009765625,3823.699951171875,3839.699951171875,3418,3750.185703822545,3755.189043502112,71.9593846507516,79.67290075029567,0.04581232498212584,1
2025-10-03,3855.199951171875,3886.800048828125,3853.699951171875,3880.800048828125,392,3764.371425083705,3771.93717754558,72.486419127883,95.64540691716073,0.03745290974550364,1
2025-10-06,3931.300048828125,3960.0,3926.800048828125,3948.5,1267,3782.914289202009,3795.4788872061695,75.8257110242149,96.43962848297214,0.04441091308436396,1
2025-10-07,3959.39990234375,3981.5,3940.0,3976.60009765625,2903,3803.971435546875,3819.6283819328473,78.15124679029425,98.57767711357039,0.06551271230735356,1
2025-10-08,3987.199951171875,4049.199951171875,3987.199951171875,4043.300048828125,2179,3832.5142996651784,3849.451270852218,86.18253860179361,98.4910735693734,0.081993137223773,0
2025-10-09,4011.199951171875,4046.199951171875,3940.0,3946.300048828125,3130,3852.1428745814733,3862.3644412490057,72.11136015841242,71.51165109244833,0.045294413103159625,1
2025-10-10,3957.0,4012.0,3945.5,3975.89990234375,1697,3868.94287109375,3877.502502728305,70.21312576766023,77.41138710997689,0.0405663597481114,1
2025-10-13,4016.0,4111.0,4016.0,4108.60009765625,1697,3892.3714425223216,3908.3155153853645,74.31069911934226,99.37874655956418,0.06972506910632692,1
2025-10-14,4131.7001953125,4160.10009765625,4085.800048828125,4138.7001953125,2424,3921.414306640625,3939.0334727089826,80.98140632696827,95.0850034120239,0.07012286885908203,1
2025-10-15,4145.0,4210.60009765625,4145.0,4176.89990234375,3287,3952.8428780691966,3970.7489966602852,81.9025476863643,92.60636426013026,0.08781934928768642,1
2025-10-16,4198.7998046875,4307.0,4196.60009765625,4280.2001953125,4705,3988.9071742466517,4012.0091564805807,83.45924341346341,95.14672092407366,0.10291696079651946,0
2025-10-17,4354.7001953125,4358.0,4182.2001953125,4189.89990234375,4060,4015.264317103795,4035.72792259567,73.08556583940376,70.22669702785002,0.06113711595384319,1
2025-10-20,4244.10009765625,4356.60009765625,4214.60009765625,4336.39990234375,1750,4050.664306640625,4075.817519895414,76.76601674173982,95.95730943621935,0.09047925259056377,0
2025-10-21,4332.7001953125,4332.7001953125,4087.699951171875,4087.699951171875,2943,4066.3928745814733,4077.401844065609,59.59225684483592,49.41043905555102,0.010981104990370083,0
2025-10-22,4109.7001953125,4148.5,4006.0,4044.39990234375,1237,4081.0142996651784,4073.001585169361,58.79824020714902,37.814779438355586,0.024858691002159317,1
2025-10-23,4078.39990234375,4136.7998046875,4070.699951171875,4125.5,354,4098.492867606027,4080.001373813446,60.167865118705286,46.080698903575204,0.037626726358996665,0
2025-10-24,4117.5,4120.60009765625,4074.89990234375,4118.39990234375,123,4110.628574916294,4085.121177617487,57.43413847489009,42.67940247458134,0.00238519312042329,0
2025-10-27,4060.0,4078.60009765625,3971.300048828125,4001.89990234375,220,4112.435703822544,4074.0250075809886,51.02752792811945,14.808589077452153,-0.03305392671923668,0
2025-10-28,3929.699951171875,3966.199951171875,3923.60009765625,3966.199951171875,219,4106.928553989956,4059.648333393107,46.78776518569814,9.806598317767303,-0.05044409875698641,1
2025-10-29,3983.699951171875,3983.699951171875,3983.699951171875,3983.699951171875,1344,4109.5999755859375,4049.521882430276,51.66874365465646,13.835144343118818,-0.06927251778207477,1
2025-10-30,3960.0,4027.199951171875,3913.699951171875,4001.300048828125,935,4111.414271763393,4043.0923046166563,51.14559478016019,19.71642764552961,-0.045012973558181124,0
2025-10-31,4034.5,4034.5,3976.60009765625,3982.199951171875,559,4102.385689871652,4034.973324157352,43.648238520553065,15.41750899660577,-0.08168064734537883,1
2025-11-03,3976.199951171875,4020.0,3959.0,4000.300048828125,0,4092.4999651227677,4030.350220780122,42.96032332837684,19.491354521491573,-0.02138119318632814,0
2025-11-04,3994.199951171875,3995.39990234375,3927.39990234375,3947.699951171875,657,4076.1285400390625,4019.330184832356,38.51014171351082,7.652486217293375,-0.02390959190653652,1
2025-11-05,3929.89990234375,3983.5,3929.89990234375,3980.300048828125,559,4054.707101004464,4014.1261666984583,33.81893567228968,14.989892040730762,-0.03519572201475574,0
2025-11-06,4004.0,4007.5,3979.89990234375,3979.89990234375,650,4039.707101004464,4009.5626647844974,37.452210567591415,14.946924650477724,-0.033629565676995266,1
2025-11-07,3980.800048828125,3999.39990234375,3980.800048828125,3999.39990234375,245,4015.635672433036,4008.2076297923977,26.260944697290725,20.453437049337936,-0.0006247032811930175,1
2025-11-10,4060.0,4111.7998046875,4060.0,4111.7998046875,189,4017.357090541295,4022.0199197784113,52.101117937012226,84.36959638821678,0.036710164718903204,0
2025-11-11,4140.10009765625,4140.10009765625,4106.7998046875,4106.7998046875,569,4021.814226422991,4033.3239044329566,55.82957984327943,85.2913995481676,0.03090088486192677,1
2025-11-12,4115.60009765625,4204.39990234375,4102.89990234375,4204.39990234375,396,4027.449933733259,4056.134037487729,57.15060762928551,100.0,0.05075846625776226,0
2025-11-13,4228.7001953125,4228.7001953125,4163.7001953125,4186.89990234375,167,4032.342790876116,4073.5694861351985,56.09321549503032,86.73007600905567,0.05140373504138984,0
2025-11-14,4197.7001953125,4197.89990234375,4047.0,4087.60009765625,483,4038.4642333984375,4075.440234338005,57.86384050984089,55.20635292166347,0.021823375187493665,0
2025-11-17,4070.0,4099.5,4019.39990234375,4068.300048828125,1552,4045.757097516741,4074.4882096033543,59.659413748915576,49.07935804241223,0.03054945896292094,0
2025-11-18,4037.39990234375,4063.39990234375,4035.60009765625,4061.300048828125,1375,4051.299961635045,4072.7297881666573,57.49034985601372,46.85713754252113,0.02035022460777758,1
2025-11-19,4086.10009765625,4122.7001953125,4072.0,4077.699951171875,486,4056.757097516741,4073.3924765673532,57.39162722846694,49.88380440895014,0.02457349461742253,0
2025-11-20,4045.0,4090.39990234375,4040.199951171875,4056.5,202,4062.0642438616073,4071.140146358373,57.15937828612295,42.8476508881589,0.014277166337576697,1
2025-11-21,4031.800048828125,4085.199951171875,4031.800048828125,4076.699951171875,171,4067.5213797433034,4071.8814536668397,57.33204437080135,49.55190961052599,-0.00853637219292891,1
2025-11-24,4060.5,4091.89990234375,4060.5,4091.89990234375,591,4077.82137625558,4074.5505801570944,64.90901518306765,54.216814311136815,-0.0036281053502397187,1
2025-11-25,4139.2001953125,4139.2001953125,4139.2001953125,4139.2001953125,132704,4089.17138671875,4083.170528844482,65.94422345111823,64.02737354845421,-0.015507494183629955,1
2025-11-26,4128.60009765625,4171.0,4127.5,4165.2001953125,25088,4102.407121930803,4094.1078177068844,67.6847039042935,74.38484772980868,-0.005182762315168565,1
2025-11-28,4163.39990234375,4223.89990234375,4140.0,4218.2998046875,3615,4118.042829241072,4110.6667493043,69.6322954318731,95.03087622215949,0.03197468047478291,1
2025-12-01,4218.5,4262.10009765625,4214.89990234375,4239.2998046875,913,4127.149972098215,4127.817823355393,63.67733392557083,90.60557287999195,0.04203223798810796,0
2025-12-02,4230.5,4230.5,4167.0,4186.60009765625,366,4132.849993024553,4135.65545992884,57.765706416944084,68.89166079871241,0.03085220183726145,1
2025-12-03,4215.7001953125,4234.10009765625,4195.7001953125,4199.2998046875,1897,4132.485700334822,4144.141372563328,49.40544294358396,74.1243335680515,0.02982069670934928,1
2025-12-04,4211.0,4211.7998046875,4175.0,4211.7998046875,616,4134.264264787947,4153.162496846551,52.937009370554456,79.2747208530329,0.03828418703007519,1
2025-12-05,4204.10009765625,4255.7001953125,4194.5,4212.89990234375,533,4143.214250837053,4161.127484246177,69.23550894110028,79.72799517151192,0.033409363652756374,0
2025-12-08,4205.5,4215.7998046875,4175.5,4187.2001953125,318,4151.707118443081,4164.603845721687,67.90131715819646,67.47725294680747,0.02328998637385138,1
2025-12-09,4190.7001953125,4219.7001953125,4177.7001953125,4206.7001953125,660,4162.092843191965,4170.216692333795,71.09701397897379,75.94446782549514,0.01630749826414335,0
2025-12-10,4209.0,4234.5,4183.60009765625,4196.39990234375,692,4170.5714111328125,4173.707787001789,67.53326558446383,71.47191429319555,0.0074905660156172615,1
2025-12-11,4224.0,4286.89990234375,4214.2998046875,4285.5,528,4186.928553989956,4188.613415401551,78.17425321936884,99.45123357600664,0.015930635190468223,1
2025-12-12,4276.39990234375,4355.0,4260.0,4300.10009765625,1531,4202.885707310268,4203.478306368845,77.8693103080695,81.35826745543294,0.014342060191525396,1
2025-12-15,4308.2998046875,4349.2001953125,4292.89990234375,4306.7001953125,854,4218.228585379465,4217.241224894666,77.3840455663108,78.76931662087912,0.028686785184829144,0
2025-12-16,4270.5,4321.39990234375,4270.5,4304.5,1796,4230.035714285715,4228.875728242044,73.81158033930731,77.80219780219781,0.02505184202258426,1
2025-12-17,4308.5,4351.39990234375,4308.5,4347.5,2169,4243.05712890625,4244.692297809772,75.03433126451702,96.51162790697676,0.032219051618140426,0
2025-12-18,4331.0,4348.10009765625,4328.2001953125,4339.5,705,4251.714285714285,4257.3333247684695,68.99689581700628,91.75531914893617,0.030050582874237897,1
2025-12-19,4350.10009765625,4361.39990234375,4350.10009765625,4361.39990234375,1065,4260.43572126116,4271.208868445174,69.08410986713068,100.0,0.041602908603764366,1
2025-12-22,4371.10009765625,4447.60009765625,4371.10009765625,4444.60009765625,449,4278.864292689732,4294.327699006651,86.81502745185475,98.89948682124722,0.05655261637347975,1
2025-12-23,4503.2998046875,4503.7998046875,4450.39990234375,4482.7998046875,694,4299.114292689732,4319.45731309743,87.7094580200664,93.61313489223056,0.06824895362898831,0
2025-12-24,4500.7001953125,4503.39990234375,4468.39990234375,4480.60009765625,500,4318.314313616072,4340.943017705273,86.76151821237825,92.93337775411314,0.04552563240141172,1
2025-12-26,4512.0,4556.2998046875,4502.0,4529.10009765625,263,4340.900041852678,4366.030628365403,88.28089531628329,92.85721612867654,0.05325457426556546,0
2025-12-29,4371.5,4379.0,4325.10009765625,4325.10009765625,2044,4350.750034877232,4360.573224270849,61.6607334702469,38.9329250991782,0.004272389883042349,1
2025-12-30,4346.39990234375,4403.60009765625,4338.0,4370.10009765625,1837,4362.421456473215,4361.8434740555695,63.245770487338966,50.040286182559946,0.015239887944302533,0
2025-12-31,4333.5,4363.7998046875,4285.0,4325.60009765625,785,4371.650041852678,4357.011023868993,59.92321008544546,32.5439453125,-0.0050373553407130345,0
2026-01-02,4350.60009765625,4350.60009765625,4314.39990234375,4314.39990234375,589,4373.714320591518,4351.3295409989605,52.521366028547114,18.359749646519077,-0.005784099010542665,1
2026-01-05,4386.7001953125,4443.5,4384.7998046875,4436.89990234375,618,4383.485735212053,4362.738922511599,60.04403852331131,58.22253885921841,0.017310955585482457,1
2026-01-06,4449.7001953125,4482.2001953125,4449.0,4482.2001953125,459,4396.021449497768,4378.667092218386,62.192576932940554,74.07289712600672,0.00845972569637432,0
2026-01-07,4450.0,4450.0,4449.2998046875,4449.2998046875,972,4406.364292689732,4388.084787214268,59.64816959695996,60.560236995655316,-0.007473008267058989,1
2026-01-08,4460.2001953125,4461.2998046875,4418.0,4449.7001953125,2423,4413.664306640625,4396.300174960699,57.21955937460333,60.70781934480636,-0.006896375858205572,1
2026-01-09,4473.0,4490.2998046875,4473.0,4490.2998046875,237,4424.43572126116,4408.833458924272,60.183665932442594,75.67266954872197,-0.008566887931849565,1
2026-01-12,4579.10009765625,4620.0,4577.7998046875,4604.2998046875,156,4441.785714285715,4434.8956383593695,64.58857416679913,95.31337453358208,0.06455335153573594,0
2026-01-13,4578.60009765625,4617.10009765625,4578.60009765625,4589.2001953125,239,4452.114292689732,4455.469579286454,59.458406340247244,90.80602845149254,0.050136173716880394,1
2026-01-14,4610.2998046875,4635.0,4608.2001953125,4626.2998046875,1313,4462.364292689732,4478.2469426732605,59.39997620323969,97.51422991071429,0.0695162983730695,0
2026-01-15,4612.89990234375,4616.2998046875,4612.89990234375,4616.2998046875,4358,4472.05712890625,4496.653990941826,58.79909803174112,94.65708705357143,0.06997494649945324,0
2026-01-16,4608.0,4608.0,4588.39990234375,4588.39990234375,352,4476.292829241072,4508.886779128749,53.95068652148567,86.68568638392857,0.0341454626731541,1
2026-01-20,4662.2001953125,4764.0,4661.7998046875,4759.60009765625,175,4507.328543526785,4542.315221599083,80.2702996904446,99.08144001174321,0.06188922632992955,1
2026-01-21,4863.5,4872.2998046875,4771.5,4831.7998046875,1706,4540.307094029018,4580.913166010872,80.99072140958536,93.10403312298905,0.08596858310087852,1
2026-01-22,4791.89990234375,4908.7998046875,4791.89990234375,4908.7998046875,1175,4581.964215959822,4624.63138450109,87.5096334121593,100.0,0.10317540266165226,1
2026-01-23,4949.60009765625,4976.2001953125,4936.0,4976.2001953125,169,4629.23566545759,4671.5072259426115,89.69531042699417,100.0,0.10821112437030611,1
2026-01-26,5081.5,5095.60009765625,5052.2001953125,5079.7001953125,180,4675.149972098215,4725.93295519193,89.45496046576727,97.65349763101479,0.10325139777844372,1
2026-01-27,5079.89990234375,5079.89990234375,5079.89990234375,5079.89990234375,34,4717.842808314732,4773.128548145506,88.83691268992693,97.68297032913583,0.10692488585101612,1
2026-01-28,5301.60009765625,5301.60009765625,5301.60009765625,5301.60009765625,112054,4778.721400669643,4843.591421413605,94.46941985542625,100.0,0.14596985095616066,1
2026-01-29,5415.7001953125,5586.2001953125,5097.5,5318.39990234375,23709,4840.771379743303,4906.899218870958,94.56247247872565,75.94320463682882,0.1520915294416798,0
2026-01-30,5376.39990234375,5440.5,4700.0,4713.89990234375,8374,4856.742815290178,4881.16597666733,57.266353353214534,13.496632778166227,0.0273515828330253,0
2026-02-02,4807.7001953125,4855.7998046875,4400.0,4622.5,3588,4858.042829241072,4846.677179778352,50.600270680624575,18.7573734078996,-0.02880496151846068,1
2026-02-03,4680.0,4984.60009765625,4674.2998046875,4903.7001953125,1213,4880.507114955357,4854.280248516238,58.82386142574539,42.463337748802346,0.014880664251703202,1
2026-02-04,4923.2998046875,5082.2001953125,4897.89990234375,4920.39990234375,3886,4901.514264787947,4863.096202359906,58.34705530353571,43.87116984133126,0.0023631229868394943,0
2026-02-05,5008.7001953125,5012.2998046875,4786.0,4861.39990234375,793,4919.021414620535,4862.870029024418,56.76810452623605,38.89730453316912,-0.023069870275092663,1
2026-02-06,4762.0,4958.5,4655.0,4951.2001953125,1386,4944.93572126116,4874.647384529495,59.687073428620224,46.467720835882034,-0.025296768521610558,1
2026-02-09,5017.39990234375,5065.7001953125,4979.10009765625,5050.89990234375,170,4965.74285016741,4898.147720238063,58.08672111112678,54.87268548057125,-0.005708773904505526,0
2026-02-10,5013.5,5029.0,5002.7001953125,5003.7998046875,281,4978.028564453125,4912.234664831321,54.842342342342334,50.902015281529366,-0.0561717759701269,1
2026-02-11,5049.89990234375,5111.2998046875,5041.2998046875,5071.60009765625,2681,4989.657156808035,4933.483389207979,54.607206983625666,56.617769943910645,-0.0464048979428453,0
2026-02-12,5060.39990234375,5078.10009765625,4892.0,4923.7001953125,484,4985.907156808035,4932.178963355249,48.57900704945722,44.14939378546748,0.04450673482999434,1
2026-02-13,4953.0,5043.89990234375,4946.2001953125,5022.0,232,4981.785714285715,4944.15510157455,48.433847034686764,52.436342740285625,0.08642509464575454,0
2026-02-17,5020.0,5020.0,4847.7998046875,4882.89990234375,540,4967.714285714285,4935.98774167711,45.02776375567895,40.70981477258414,-0.004241754622077654,1
2026-02-18,4872.2001953125,4987.0,4869.5,4986.5,544,4945.207135881697,4942.722709453496,41.54275285376803,49.44359327520502,0.01343388727911421,0
2026-02-19,5014.7001953125,5014.7001953125,4975.89990234375,4975.89990234375,37,4920.74285016741,4947.146335172197,40.77664770907308,55.34838081150889,0.023552886473050316,1
2026-02-20,5039.5,5072.7001953125,5039.5,5059.2998046875,134,4945.414271763393,4962.100131107571,62.93051351785118,92.68943985963197,0.021833011211572995,1
2026-02-23,5120.2998046875,5211.60009765625,5120.2998046875,5204.7001953125,779,4987.0,4994.446806334894,70.94847257565439,98.76034834115114,0.03045007740054051,0
2026-02-24,5158.7998046875,5159.0,5112.7001953125,5155.7998046875,88,5005.007114955357,5015.960539448575,60.891706523463476,89.97479641061587,0.03037691473140236,1
2026-02-25,5166.0,5206.39990234375,5166.0,5206.39990234375,1772,5025.435686383928,5041.352454501266,62.00468933177022,99.06572145164955,0.026579344209294975,0
2026-02-26,5177.2001953125,5199.2001953125,5143.89990234375,5176.5,1520,5047.942836216518,5059.37212723443,63.55734473733636,93.69383911284768,0.05134346013353386,1
2026-02-27,5186.7001953125,5280.0,5176.7001953125,5230.5,354,5067.892822265625,5082.189176936506,62.39898832252985,88.54697417149261,0.041517323775388304,1
2026-03-02,5346.60009765625,5405.0,5266.2998046875,5294.39990234375,72,5085.285679408482,5110.4839403241385,61.164593394843436,80.15074320025658,0.08427369150092212,0
2026-03-03,5298.7001953125,5303.7998046875,5023.0,5107.39990234375,1776,5092.685686383928,5110.072735260086,54.210013965056014,46.5900945190186,0.02424544316529631,1
2026-03-04,5130.7001953125,5180.2001953125,5117.2001953125,5120.2001953125,679,5096.157121930803,5111.423063267075,52.067383925281476,48.887346579666406,0.028999838381150278,0
2026-03-05,5169.5,5169.5,5054.7001953125,5065.2998046875,1701,5106.271379743303,5105.273295456465,56.540993649284225,39.03444432176076,0.0011859348588989516,1
2026-03-06,5121.0,5146.10009765625,5076.10009765625,5146.10009765625,148,5115.135672433035,5110.716869083104,55.82683263339904,53.53556863013147,-0.011259072656870206,0
2026-03-09,5155.0,5160.60009765625,5077.7001953125,5091.5,639,5130.035679408482,5108.154619872023,60.63849973827896,41.45658263305322,-0.012471354032994153,1
2026-03-10,5138.2001953125,5229.7001953125,5137.60009765625,5229.7001953125,4300,5147.407121930803,5124.36069659742,61.9802821346172,59.14710678347787,0.004475317571794868,0
2026-03-11,5190.7998046875,5191.2998046875,5167.39990234375,5167.39990234375,633,5161.085693359375,5130.099257363598,58.97626391211962,37.8010215559555,-0.001757963422437947,0
2026-03-12,5137.2001953125,5137.2001953125,5115.7998046875,5115.7998046875,410,5165.12140764509,5128.1926636734515,52.7297261592466,24.293142588350786,-0.021929107219673116,0
2026-03-13,5089.60009765625,5117.0,5009.5,5052.5,479,5154.249965122768,5118.100308516991,42.01301875943583,10.872313527180784,-0.04568976783122569,0
2026-03-16,5001.60009765625,5010.60009765625,4994.0,4994.0,130,5142.692836216518,5101.553600714726,41.59395392587918,0.0,-0.0222030591909812,1
2026-03-17,5017.60009765625,5017.60009765625,4994.2001953125,5001.0,239,5128.021414620535,5088.146453952762,38.82239777223316,1.70316301703163,-0.02328037786913617,0
2026-03-18,4949.60009765625,4949.60009765625,4821.7001953125,4889.89990234375,1461,5107.54997907366,5061.713580404894,35.67001610837484,11.692050380127876,-0.03462774349139852,0
2026-03-19,4830.2998046875,4830.2998046875,4554.0,4600.7001953125,627,5062.56427873884,5000.245129059242,24.50618494267286,5.4876845255581665,-0.10598315073431008,0
2026-03-20,4686.89990234375,4686.89990234375,4570.39990234375,4570.39990234375,235,5010.849993024553,4942.932432163843,19.87354117226357,2.1872374787540947,-0.10234706818349204,0
2026-03-23,4353.0,4480.39990234375,4100.7998046875,4404.10009765625,544,4960.614292689732,4871.088120896165,20.221907424727704,26.866878201789973,-0.1578675768825628,0
2026-03-24,4338.7001953125,4399.2998046875,4325.2001953125,4399.2998046875,378,4909.12140764509,4808.183012068343,19.268499006287,26.441659731797916,-0.14864344006119345,1
2026-03-25,4549.0,4551.89990234375,4541.7998046875,4549.7998046875,388,4872.29997907366,4773.731917750897,29.68074090896843,39.773216816004236,-0.11063763665681092,0
2026-03-26,4441.5,4443.10009765625,4375.5,4375.5,1070,4817.257114955357,4720.634328717444,21.710726086864554,24.333430796353614,-0.13399307273626915,1
2026-03-27,4492.0,4492.0,4492.0,4492.0,74348,4774.435686383928,4690.149751555118,28.948667900257462,34.6532075425997,-0.1005206247496997,1
2026-03-30,4482.7998046875,4579.10009765625,4413.39990234375,4526.0,10816,4724.17138671875,4668.263118014436,23.338634115081476,38.99130631017882,-0.09498100379924013,1
2026-03-31,4510.0,4684.10009765625,4508.60009765625,4647.60009765625,4264,4687.042829241072,4665.5080486333445,31.153016508792604,52.75956067895755,-0.049551076612297296,1
2026-04-01,4668.39990234375,4789.10009765625,4668.0,4783.2001953125,1637,4663.285714285715,4681.2003348572325,38.632959351503764,67.1521609396217,0.03966787494345825,0
2026-04-02,4764.89990234375,4784.39990234375,4558.89990234375,4651.5,0,4634.642857142857,4677.240290209602,36.907408328518756,60.06762863581143,0.017744639285210306,1
2026-04-06,4656.10009765625,4689.60009765625,4605.0,4656.7998046875,148,4610.55712890625,4674.514892139989,38.59423113385485,60.64570487860345,0.05737828419606772,1
2026-04-07,4624.89990234375,4676.2998046875,4608.0,4657.10009765625,327,4585.99285016741,4672.192919542157,38.31465211590131,65.5395971911182,0.05860030105110381,1
2026-04-08,4760.0,4851.0,4738.7998046875,4749.5,405,4575.964285714285,4682.50053026987,45.16795587723735,86.4702781158675,0.043892084022412625,1
2026-04-09,4711.0,4799.10009765625,4711.0,4792.2001953125,1277,4589.642857142857,4697.127152275554,57.93748967821951,92.16211818459917,0.09523487494286376,0
2026-04-10,4745.89990234375,4791.0,4744.89990234375,4761.89990234375,812,4603.321428571428,4705.763518951314,57.93748967821951,88.12315723016643,0.06008457309522486,0
2026-04-13,4704.0,4742.39990234375,4704.0,4742.39990234375,32,4627.485700334822,4710.648370070306,65.96505393440492,79.34573259858956,0.04781261651430624,1
2026-04-14,4770.10009765625,4841.60009765625,4770.10009765625,4825.0,288,4657.892857142857,4725.895254060932,68.71537425854116,94.53207150368034,0.038170216588387484,0
2026-04-15,4843.60009765625,4843.60009765625,4798.0,4800.0,182,4675.764299665178,4735.775886852807,62.36410368271299,89.27444794952682,0.003512252049153952,0
2026-04-16,4810.89990234375,4810.89990234375,4785.39990234375,4785.39990234375,805,4705.042864118303,4742.392422251599,74.05230522209864,85.0091217969103,0.028786391990486937,1
2026-04-17,4771.60009765625,4879.7001953125,4767.2001953125,4857.60009765625,1902,4731.157156808035,4757.753445638886,72.62933418440899,95.26054390497004,0.043119803597016615,0
2026-04-20,4793.89990234375,4811.0,4770.0,4806.60009765625,724,4751.20002092634,4764.266332574534,67.01016402506997,80.30178431158414,0.03210152173350056,0
2026-04-21,4698.39990234375,4705.0,4676.39990234375,4698.39990234375,1197,4754.828578404018,4755.484141877097,53.13037460508501,43.48499769406042,-0.01075904782740289,1
2026-04-22,4754.2001953125,4754.2001953125,4732.5,4732.5,765,4751.207135881697,4752.4195896268175,46.42906763841258,54.1146942384996,-0.012457784082329448,0
2026-04-23,4711.5,4732.39990234375,4705.10009765625,4705.10009765625,292,4755.035714285715,4746.110324030742,54.42536348910843,36.439762098594706,-0.011927971156962758,1
2026-04-24,4695.0,4722.2998046875,4657.5,4722.2998046875,45,4759.714285714285,4742.935588118309,55.30363533711517,42.06835573159467,-0.004238381003322078,0
2026-04-27,4707.60009765625,4711.10009765625,4675.39990234375,4675.39990234375,538,4761.021414620535,4733.930830015035,51.37778862682875,8.055754549889468,-0.031005201586787545,0
2026-04-28,4680.89990234375,4680.89990234375,4591.5,4591.5,2660,4749.735700334822,4714.940052679697,37.949980263206896,0.0,-0.04343750000000002,0
2026-04-29,4598.60009765625,4601.60009765625,4515.7001953125,4545.2001953125,507,4732.092843191965,4692.308071697405,31.265175453800694,8.104395604395604,-0.050194280923859136,1
2026-04-30,4561.89990234375,4636.7001953125,4561.89990234375,4614.7001953125,77,4721.578578404018,4681.960354846085,39.461646075746536,27.197802197802197,-0.050004096150472965,1
2026-05-01,4636.7001953125,4636.7001953125,4581.7001953125,4629.89990234375,113,4713.542864118303,4675.018961179107,41.89597584550579,31.373545887706044,-0.03676199220290055,0
2026-05-04,4581.2001953125,4581.2001953125,4512.7001953125,4519.5,20,4691.721435546875,4654.28309968856,28.84054246000879,1.8528078167574933,-0.03807677210586258,1
2026-05-05,4547.60009765625,4580.5,4547.60009765625,4555.7998046875,426,4674.278564453125,4641.151993688419,33.34694111316523,11.743762772479565,-0.03733760069994718,1
2026-05-06,4663.60009765625,4712.60009765625,4663.60009765625,4681.89990234375,212,4666.885707310268,4646.585048175796,43.87355891288966,46.10346240633515,-0.004930861157248612,1
2026-05-07,4704.7998046875,4736.2001953125,4699.7998046875,4699.7998046875,254,4655.6142578125,4653.680349044023,40.01768045087003,62.7220019708046,-0.004764627603199956,1
2026-05-08,4714.39990234375,4724.7998046875,4713.60009765625,4720.39990234375,120,4649.457101004465,4662.576289483987,44.32892723186579,86.00401947463769,0.009624845134090343,0
2026-05-11,4729.5,4729.5,4718.7001953125,4718.7001953125,36,4650.907121930803,4670.059476927789,51.55320110732124,85.30020703933747,0.027703407451268758,0
2026-05-12,4762.2001953125,4765.2001953125,4677.60009765625,4677.60009765625,93,4646.985700334822,4671.064893024917,45.84405570780239,65.30689201732673,0.029129608522039385,1
2026-05-13,4722.7001953125,4722.7001953125,4679.5,4697.7001953125,228,4646.457135881697,4674.616266663262,49.43356424327098,73.26732673267327,0.01798600049561383,0
2026-05-14,4678.10009765625,4678.10009765625,4650.2998046875,4678.10009765625,5,4643.300013950893,4675.080777462327,46.62905992327211,65.50491181930693,0.010410634426048837,0
2026-05-15,4615.2001953125,4615.2001953125,4524.2998046875,4555.7998046875,607,4634.75714983259,4659.176647759017,41.819413300629826,17.06915222772277,0.008031818716119021,0
2026-05-18,4563.0,4570.2998046875,4538.7001953125,4552.5,38,4631.971435546875,4644.953094724482,47.00184231744616,15.762298886138614,-0.000724308536144358,0
2026-05-19,4551.7001953125,4552.60009765625,4506.2001953125,4506.2998046875,875,4629.192836216518,4626.465989386218,47.00904180313467,0.03845921814671815,-0.037506162309951296,1
2026-05-20,4502.60009765625,4531.2998046875,4465.10009765625,4531.2998046875,981,4623.23566545759,4613.777164759723,43.116505652554494,22.05920876009795,-0.03585259096184079,1
2026-05-21,4507.2001953125,4539.7998046875,4503.7998046875,4539.7998046875,426,4616.799944196428,4603.913516750094,42.48038032302681,24.891597042002587,-0.03825949101612758,0
2026-05-22,4519.5,4530.2998046875,4519.10009765625,4521.0,40,4616.907087053572,4592.858381183414,50.14778325123152,18.627085689182483,-0.04189717234184387,0
2026-05-26,4572.7998046875,4572.7998046875,4500.39990234375,4500.39990234375,1261,4612.949951171875,4580.530584004792,44.36764240121445,11.762676841223223,-0.037882715839964054,0
2026-05-27,4439.7001953125,4447.5,4439.7001953125,4447.5,81062,4596.207101004465,4562.793172804153,22.001929328712578,2.396253360215054,-0.0532601453711663,1
2026-05-28,4453.60009765625,4512.60009765625,4363.5,4499.2998046875,16427,4581.885672433035,4554.327390388599,27.845303867403317,33.806258068123526,-0.03822070696142854,1
2026-05-29,4494.0,4591.7998046875,4487.89990234375,4560.5,1883,4570.464250837053,4555.150405003453,33.78626336683273,49.04154946868899,0.001031694875543998,0
2026-06-01,4523.5,4541.39990234375,4449.7001953125,4475.2001953125,835,4553.071393694197,4544.490377044659,28.888510704591212,27.80685611208219,-0.016979638591433255,1
2026-06-02,4488.0,4529.5,4474.2001953125,4489.10009765625,456,4539.60710797991,4537.105006459538,32.84804367606915,34.96660060192322,-0.003816813744473624,0
2026-06-03,4471.2001953125,4471.7001953125,4427.2001953125,4436.7001953125,2913,4520.964250837053,4523.7176983066,27.569604020390656,23.267696309644094,-0.020876925706204474,1
2026-06-04,4447.39990234375,4509.89990234375,4447.39990234375,4475.7998046875,480,4506.514229910715,4517.328645824054,33.178070600693005,44.61649485336054,-0.014097537942954652,0
2026-06-05,4472.2998046875,4472.2998046875,4319.10009765625,4337.10009765625,4062,4490.892822265625,4493.298172735013,32.29721899660646,6.600667157276151,-0.04067681980618221,0
2026-06-08,4324.2001953125,4340.89990234375,4284.60009765625,4335.89990234375,357,4475.42138671875,4472.311736682845,32.40737435821778,16.699171097282818,-0.03655230725481318,0
2026-06-09,4332.7998046875,4344.5,4240.2001953125,4260.0,1292,4457.828543526785,4444.0035051251325,30.915833567902467,5.631350024164116,-0.042158516020236125,0
2026-06-10,4200.0,4206.7001953125,4100.0,4108.2001953125,525,4427.607142857143,4399.229730483448,22.600676170492093,1.6673848249514,-0.08692454967493857,0
2026-06-11,4042.89990234375,4209.7998046875,4031.0,4090.300048828125,1938,4395.500017438616,4358.039106262739,21.2411735138092,10.57419213281812,-0.1031027192570716,1
2026-06-12,4208.2998046875,4225.2998046875,4173.2001953125,4215.0,1167,4373.642874581473,4338.967225427707,32.758599818531266,32.810282468363575,-0.058142693948092794,1
2026-06-15,4271.2001953125,4362.0,4269.10009765625,4328.0,1666,4361.328595842634,4337.504928704013,41.20228064195257,52.9600755059999,-0.0358869470833052,1
2026-06-16,4309.5,4345.7998046875,4309.5,4330.89990234375,158,4353.000017438616,4336.624258522645,43.72982121888765,53.47717667463636,-0.023846617601191777,1
2026-06-17,4339.0,4377.0,4296.0,4358.89990234375,1961,4342.971452985491,4339.594344365459,42.25165266674068,58.47004574590907,-0.02611821516711288,0
2026-06-18,4279.7998046875,4323.2001953125,4223.7001953125,4224.10009765625,738,4318.942888532366,4324.195111470897,32.82970743957037,37.83309847230314,-0.026054275311991226,0
2026-06-22,4138.7998046875,4216.39990234375,4134.7998046875,4181.89990234375,738,4297.992867606027,4305.222416920611,34.3405980343596,30.270792847291876,-0.03551742509478972,0
